DATAFLOW,COUNTRY,INDICATOR,FREQUENCY,TIME_PERIOD,OBS_VALUE,SCALE,PRECISION,DECIMALS_DISPLAYED,FUNCTIONAL_CAT,INT_ACC_ITEM,NA_STO,GFS_STO,COICOP_1999,TRADE_FLOW,COMMODITY,SOC_CONCEPTS,SECTOR,ACCOUNTING_ENTRY,INDEX_TYPE,PRICES,STATISTICAL_MEASURES,EXRATE,TRANSFORMATION,UNIT,REPORTING_PERIOD_TYPE,DERIVATION_TYPE,OVERLAP,COUNTRY_UPDATE_DATE,DOI,FULL_DESCRIPTION,AUTHOR,PUBLISHER,DEPARTMENT,CONTACT_POINT,TOPIC,TOPIC_DATASET,KEYWORDS,KEYWORDS_DATASET,LANGUAGE,PUBLICATION_DATE,UPDATE_DATE,METHODOLOGY,METHODOLOGY_NOTES,ACCESS_SHARING_LEVEL,ACCESS_SHARING_NOTES,SECURITY_CLASSIFICATION,SOURCE,SHORT_SOURCE_CITATION,FULL_SOURCE_CITATION,LICENSE,SUGGESTED_CITATION,KEY_INDICATOR,SERIES_NAME,LATEST_ACTUAL_ANNUAL_DATA,HISTORICAL_DATA_SOURCE,BASE_YEAR,START_END_MONTHS_OF_REPORTING_YEAR,CHAIN_WEIGHTED,BASIS_OF_PROJECTIONS,VALUATION,PRICES_SECTOR_HARMONIZED_PRICES,LABOR_SECTOR_EMPLOYMENT_TYPE,FISCAL_SECTOR_GENERAL_GOVERNMENT_COMPOSITION,FISCAL_SECTOR_VALUATION_OF_DEBT,FISCAL_SECTOR_INSTRUMENTS_INCLUDED_IN_GROSS_AND_NET_DEBT,TRADE_SECTOR_OIL_COVERAGE,PRIMARY_DOMESTIC_CURRENCY
IMF.RES:WEO_2026_APR_VINTAGE(1.0.0),ESP,GGR_NGDP,A,2015,38.417937,0,,3,,,,G1,,,,,S13,,,,,,,PT,,,OL,3/26/2026,,"The World Economic Outlook (WEO) database contains selected macroeconomic data series from the statistical appendix of the World Economic Outlook report, which presents the IMF staff's analysis and projections of economic developments at the global level, in major country groups and in many individual countries. The WEO is released in April and September/October each year. Use this database to find data on national accounts, gross domestic product (GDP), inflation, unemployment rates, balance of payments, fiscal indicators, trade for countries and country groups (aggregates), and commodity prices whose data are reported by the IMF. Data are available from 1980 to the present, and projections are given for the next two years. Additionally, medium-term projections are available for selected indicators. For some countries, data are incomplete or unavailable for certain years.",,IMF,RES,datahelp@imf.org,H00,"C53,F32,F21_IIP,F34,H00,E10,E10_GDP,F10,WEO",,"Demographics, Real sector, Price indexes, Gross domestic product, National accounts, Labor markets, Unemployment, International trade, Export prices, Import prices, International reserves, Monetary aggregates, Consumer prices, Exchange rates, External position, Financial account, Balance of payments, Capital account, Current account, External debt, International investment position, Public sector and general government, Debt service, Fiscal account",EN,2026-04-14T13:00:00Z,2026-04-15T13:00:00Z,European System of Accounts (ESA) 2010,"Gross debt follows the Maastricht definition of gross debt, and excludes other accounts payable. Historical data source: Eurostat.",PUBLIC_OPEN,,PUB,,IMF staff calculations.,,© International Monetary Fund Copyright. All Rights Reserved. https://www.imf.org/external/terms.htm,"International Monetary Fund. World Economic Outlook (WEO), https://data.imf.org/en/datasets/IMF.RES:WEO. Accessed on [current date].",,"Revenue, General government, Percent of GDP",2025,Ministry of Finance or Treasury,,January/December,,Spain: Figures for 2021–28 reflect disbursements of grants and loans under the EU Recovery and Resilience Facility.,Accrual,,,Central Government; State Government; Local Government; Social Security Funds,Nominal value,Currency and Deposits; Loans; Securities Other than Shares,,Euro
IMF.RES:WEO_2026_APR_VINTAGE(1.0.0),ESP,GGR_NGDP,A,2016,37.874221,0,,3,,,,G1,,,,,S13,,,,,,,PT,,,OL,3/26/2026,,"The World Economic Outlook (WEO) database contains selected macroeconomic data series from the statistical appendix of the World Economic Outlook report, which presents the IMF staff's analysis and projections of economic developments at the global level, in major country groups and in many individual countries. The WEO is released in April and September/October each year. Use this database to find data on national accounts, gross domestic product (GDP), inflation, unemployment rates, balance of payments, fiscal indicators, trade for countries and country groups (aggregates), and commodity prices whose data are reported by the IMF. Data are available from 1980 to the present, and projections are given for the next two years. Additionally, medium-term projections are available for selected indicators. For some countries, data are incomplete or unavailable for certain years.",,IMF,RES,datahelp@imf.org,H00,"C53,F32,F21_IIP,F34,H00,E10,E10_GDP,F10,WEO",,"Demographics, Real sector, Price indexes, Gross domestic product, National accounts, Labor markets, Unemployment, International trade, Export prices, Import prices, International reserves, Monetary aggregates, Consumer prices, Exchange rates, External position, Financial account, Balance of payments, Capital account, Current account, External debt, International investment position, Public sector and general government, Debt service, Fiscal account",EN,2026-04-14T13:00:00Z,2026-04-15T13:00:00Z,European System of Accounts (ESA) 2010,"Gross debt follows the Maastricht definition of gross debt, and excludes other accounts payable. Historical data source: Eurostat.",PUBLIC_OPEN,,PUB,,IMF staff calculations.,,© International Monetary Fund Copyright. All Rights Reserved. https://www.imf.org/external/terms.htm,"International Monetary Fund. World Economic Outlook (WEO), https://data.imf.org/en/datasets/IMF.RES:WEO. Accessed on [current date].",,"Revenue, General government, Percent of GDP",2025,Ministry of Finance or Treasury,,January/December,,Spain: Figures for 2021–28 reflect disbursements of grants and loans under the EU Recovery and Resilience Facility.,Accrual,,,Central Government; State Government; Local Government; Social Security Funds,Nominal value,Currency and Deposits; Loans; Securities Other than Shares,,Euro
IMF.RES:WEO_2026_APR_VINTAGE(1.0.0),ESP,GGR_NGDP,A,2017,37.951102,0,,3,,,,G1,,,,,S13,,,,,,,PT,,,OL,3/26/2026,,"The World Economic Outlook (WEO) database contains selected macroeconomic data series from the statistical appendix of the World Economic Outlook report, which presents the IMF staff's analysis and projections of economic developments at the global level, in major country groups and in many individual countries. The WEO is released in April and September/October each year. Use this database to find data on national accounts, gross domestic product (GDP), inflation, unemployment rates, balance of payments, fiscal indicators, trade for countries and country groups (aggregates), and commodity prices whose data are reported by the IMF. Data are available from 1980 to the present, and projections are given for the next two years. Additionally, medium-term projections are available for selected indicators. For some countries, data are incomplete or unavailable for certain years.",,IMF,RES,datahelp@imf.org,H00,"C53,F32,F21_IIP,F34,H00,E10,E10_GDP,F10,WEO",,"Demographics, Real sector, Price indexes, Gross domestic product, National accounts, Labor markets, Unemployment, International trade, Export prices, Import prices, International reserves, Monetary aggregates, Consumer prices, Exchange rates, External position, Financial account, Balance of payments, Capital account, Current account, External debt, International investment position, Public sector and general government, Debt service, Fiscal account",EN,2026-04-14T13:00:00Z,2026-04-15T13:00:00Z,European System of Accounts (ESA) 2010,"Gross debt follows the Maastricht definition of gross debt, and excludes other accounts payable. Historical data source: Eurostat.",PUBLIC_OPEN,,PUB,,IMF staff calculations.,,© International Monetary Fund Copyright. All Rights Reserved. https://www.imf.org/external/terms.htm,"International Monetary Fund. World Economic Outlook (WEO), https://data.imf.org/en/datasets/IMF.RES:WEO. Accessed on [current date].",,"Revenue, General government, Percent of GDP",2025,Ministry of Finance or Treasury,,January/December,,Spain: Figures for 2021–28 reflect disbursements of grants and loans under the EU Recovery and Resilience Facility.,Accrual,,,Central Government; State Government; Local Government; Social Security Funds,Nominal value,Currency and Deposits; Loans; Securities Other than Shares,,Euro
IMF.RES:WEO_2026_APR_VINTAGE(1.0.0),ESP,GGR_NGDP,A,2018,38.946577,0,,3,,,,G1,,,,,S13,,,,,,,PT,,,OL,3/26/2026,,"The World Economic Outlook (WEO) database contains selected macroeconomic data series from the statistical appendix of the World Economic Outlook report, which presents the IMF staff's analysis and projections of economic developments at the global level, in major country groups and in many individual countries. The WEO is released in April and September/October each year. Use this database to find data on national accounts, gross domestic product (GDP), inflation, unemployment rates, balance of payments, fiscal indicators, trade for countries and country groups (aggregates), and commodity prices whose data are reported by the IMF. Data are available from 1980 to the present, and projections are given for the next two years. Additionally, medium-term projections are available for selected indicators. For some countries, data are incomplete or unavailable for certain years.",,IMF,RES,datahelp@imf.org,H00,"C53,F32,F21_IIP,F34,H00,E10,E10_GDP,F10,WEO",,"Demographics, Real sector, Price indexes, Gross domestic product, National accounts, Labor markets, Unemployment, International trade, Export prices, Import prices, International reserves, Monetary aggregates, Consumer prices, Exchange rates, External position, Financial account, Balance of payments, Capital account, Current account, External debt, International investment position, Public sector and general government, Debt service, Fiscal account",EN,2026-04-14T13:00:00Z,2026-04-15T13:00:00Z,European System of Accounts (ESA) 2010,"Gross debt follows the Maastricht definition of gross debt, and excludes other accounts payable. Historical data source: Eurostat.",PUBLIC_OPEN,,PUB,,IMF staff calculations.,,© International Monetary Fund Copyright. All Rights Reserved. https://www.imf.org/external/terms.htm,"International Monetary Fund. World Economic Outlook (WEO), https://data.imf.org/en/datasets/IMF.RES:WEO. Accessed on [current date].",,"Revenue, General government, Percent of GDP",2025,Ministry of Finance or Treasury,,January/December,,Spain: Figures for 2021–28 reflect disbursements of grants and loans under the EU Recovery and Resilience Facility.,Accrual,,,Central Government; State Government; Local Government; Social Security Funds,Nominal value,Currency and Deposits; Loans; Securities Other than Shares,,Euro
IMF.RES:WEO_2026_APR_VINTAGE(1.0.0),ESP,GGR_NGDP,A,2019,38.967225,0,,3,,,,G1,,,,,S13,,,,,,,PT,,,OL,3/26/2026,,"The World Economic Outlook (WEO) database contains selected macroeconomic data series from the statistical appendix of the World Economic Outlook report, which presents the IMF staff's analysis and projections of economic developments at the global level, in major country groups and in many individual countries. The WEO is released in April and September/October each year. Use this database to find data on national accounts, gross domestic product (GDP), inflation, unemployment rates, balance of payments, fiscal indicators, trade for countries and country groups (aggregates), and commodity prices whose data are reported by the IMF. Data are available from 1980 to the present, and projections are given for the next two years. Additionally, medium-term projections are available for selected indicators. For some countries, data are incomplete or unavailable for certain years.",,IMF,RES,datahelp@imf.org,H00,"C53,F32,F21_IIP,F34,H00,E10,E10_GDP,F10,WEO",,"Demographics, Real sector, Price indexes, Gross domestic product, National accounts, Labor markets, Unemployment, International trade, Export prices, Import prices, International reserves, Monetary aggregates, Consumer prices, Exchange rates, External position, Financial account, Balance of payments, Capital account, Current account, External debt, International investment position, Public sector and general government, Debt service, Fiscal account",EN,2026-04-14T13:00:00Z,2026-04-15T13:00:00Z,European System of Accounts (ESA) 2010,"Gross debt follows the Maastricht definition of gross debt, and excludes other accounts payable. Historical data source: Eurostat.",PUBLIC_OPEN,,PUB,,IMF staff calculations.,,© International Monetary Fund Copyright. All Rights Reserved. https://www.imf.org/external/terms.htm,"International Monetary Fund. World Economic Outlook (WEO), https://data.imf.org/en/datasets/IMF.RES:WEO. Accessed on [current date].",,"Revenue, General government, Percent of GDP",2025,Ministry of Finance or Treasury,,January/December,,Spain: Figures for 2021–28 reflect disbursements of grants and loans under the EU Recovery and Resilience Facility.,Accrual,,,Central Government; State Government; Local Government; Social Security Funds,Nominal value,Currency and Deposits; Loans; Securities Other than Shares,,Euro
IMF.RES:WEO_2026_APR_VINTAGE(1.0.0),ESP,GGR_NGDP,A,2020,41.406855,0,,3,,,,G1,,,,,S13,,,,,,,PT,,,OL,3/26/2026,,"The World Economic Outlook (WEO) database contains selected macroeconomic data series from the statistical appendix of the World Economic Outlook report, which presents the IMF staff's analysis and projections of economic developments at the global level, in major country groups and in many individual countries. The WEO is released in April and September/October each year. Use this database to find data on national accounts, gross domestic product (GDP), inflation, unemployment rates, balance of payments, fiscal indicators, trade for countries and country groups (aggregates), and commodity prices whose data are reported by the IMF. Data are available from 1980 to the present, and projections are given for the next two years. Additionally, medium-term projections are available for selected indicators. For some countries, data are incomplete or unavailable for certain years.",,IMF,RES,datahelp@imf.org,H00,"C53,F32,F21_IIP,F34,H00,E10,E10_GDP,F10,WEO",,"Demographics, Real sector, Price indexes, Gross domestic product, National accounts, Labor markets, Unemployment, International trade, Export prices, Import prices, International reserves, Monetary aggregates, Consumer prices, Exchange rates, External position, Financial account, Balance of payments, Capital account, Current account, External debt, International investment position, Public sector and general government, Debt service, Fiscal account",EN,2026-04-14T13:00:00Z,2026-04-15T13:00:00Z,European System of Accounts (ESA) 2010,"Gross debt follows the Maastricht definition of gross debt, and excludes other accounts payable. Historical data source: Eurostat.",PUBLIC_OPEN,,PUB,,IMF staff calculations.,,© International Monetary Fund Copyright. All Rights Reserved. https://www.imf.org/external/terms.htm,"International Monetary Fund. World Economic Outlook (WEO), https://data.imf.org/en/datasets/IMF.RES:WEO. Accessed on [current date].",,"Revenue, General government, Percent of GDP",2025,Ministry of Finance or Treasury,,January/December,,Spain: Figures for 2021–28 reflect disbursements of grants and loans under the EU Recovery and Resilience Facility.,Accrual,,,Central Government; State Government; Local Government; Social Security Funds,Nominal value,Currency and Deposits; Loans; Securities Other than Shares,,Euro
IMF.RES:WEO_2026_APR_VINTAGE(1.0.0),ESP,GGR_NGDP,A,2021,42.83441,0,,3,,,,G1,,,,,S13,,,,,,,PT,,,OL,3/26/2026,,"The World Economic Outlook (WEO) database contains selected macroeconomic data series from the statistical appendix of the World Economic Outlook report, which presents the IMF staff's analysis and projections of economic developments at the global level, in major country groups and in many individual countries. The WEO is released in April and September/October each year. Use this database to find data on national accounts, gross domestic product (GDP), inflation, unemployment rates, balance of payments, fiscal indicators, trade for countries and country groups (aggregates), and commodity prices whose data are reported by the IMF. Data are available from 1980 to the present, and projections are given for the next two years. Additionally, medium-term projections are available for selected indicators. For some countries, data are incomplete or unavailable for certain years.",,IMF,RES,datahelp@imf.org,H00,"C53,F32,F21_IIP,F34,H00,E10,E10_GDP,F10,WEO",,"Demographics, Real sector, Price indexes, Gross domestic product, National accounts, Labor markets, Unemployment, International trade, Export prices, Import prices, International reserves, Monetary aggregates, Consumer prices, Exchange rates, External position, Financial account, Balance of payments, Capital account, Current account, External debt, International investment position, Public sector and general government, Debt service, Fiscal account",EN,2026-04-14T13:00:00Z,2026-04-15T13:00:00Z,European System of Accounts (ESA) 2010,"Gross debt follows the Maastricht definition of gross debt, and excludes other accounts payable. Historical data source: Eurostat.",PUBLIC_OPEN,,PUB,,IMF staff calculations.,,© International Monetary Fund Copyright. All Rights Reserved. https://www.imf.org/external/terms.htm,"International Monetary Fund. World Economic Outlook (WEO), https://data.imf.org/en/datasets/IMF.RES:WEO. Accessed on [current date].",,"Revenue, General government, Percent of GDP",2025,Ministry of Finance or Treasury,,January/December,,Spain: Figures for 2021–28 reflect disbursements of grants and loans under the EU Recovery and Resilience Facility.,Accrual,,,Central Government; State Government; Local Government; Social Security Funds,Nominal value,Currency and Deposits; Loans; Securities Other than Shares,,Euro
IMF.RES:WEO_2026_APR_VINTAGE(1.0.0),ESP,GGR_NGDP,A,2022,41.720142,0,,3,,,,G1,,,,,S13,,,,,,,PT,,,OL,3/26/2026,,"The World Economic Outlook (WEO) database contains selected macroeconomic data series from the statistical appendix of the World Economic Outlook report, which presents the IMF staff's analysis and projections of economic developments at the global level, in major country groups and in many individual countries. The WEO is released in April and September/October each year. Use this database to find data on national accounts, gross domestic product (GDP), inflation, unemployment rates, balance of payments, fiscal indicators, trade for countries and country groups (aggregates), and commodity prices whose data are reported by the IMF. Data are available from 1980 to the present, and projections are given for the next two years. Additionally, medium-term projections are available for selected indicators. For some countries, data are incomplete or unavailable for certain years.",,IMF,RES,datahelp@imf.org,H00,"C53,F32,F21_IIP,F34,H00,E10,E10_GDP,F10,WEO",,"Demographics, Real sector, Price indexes, Gross domestic product, National accounts, Labor markets, Unemployment, International trade, Export prices, Import prices, International reserves, Monetary aggregates, Consumer prices, Exchange rates, External position, Financial account, Balance of payments, Capital account, Current account, External debt, International investment position, Public sector and general government, Debt service, Fiscal account",EN,2026-04-14T13:00:00Z,2026-04-15T13:00:00Z,European System of Accounts (ESA) 2010,"Gross debt follows the Maastricht definition of gross debt, and excludes other accounts payable. Historical data source: Eurostat.",PUBLIC_OPEN,,PUB,,IMF staff calculations.,,© International Monetary Fund Copyright. All Rights Reserved. https://www.imf.org/external/terms.htm,"International Monetary Fund. World Economic Outlook (WEO), https://data.imf.org/en/datasets/IMF.RES:WEO. Accessed on [current date].",,"Revenue, General government, Percent of GDP",2025,Ministry of Finance or Treasury,,January/December,,Spain: Figures for 2021–28 reflect disbursements of grants and loans under the EU Recovery and Resilience Facility.,Accrual,,,Central Government; State Government; Local Government; Social Security Funds,Nominal value,Currency and Deposits; Loans; Securities Other than Shares,,Euro
IMF.RES:WEO_2026_APR_VINTAGE(1.0.0),ESP,GGR_NGDP,A,2023,42.076005,0,,3,,,,G1,,,,,S13,,,,,,,PT,,,OL,3/26/2026,,"The World Economic Outlook (WEO) database contains selected macroeconomic data series from the statistical appendix of the World Economic Outlook report, which presents the IMF staff's analysis and projections of economic developments at the global level, in major country groups and in many individual countries. The WEO is released in April and September/October each year. Use this database to find data on national accounts, gross domestic product (GDP), inflation, unemployment rates, balance of payments, fiscal indicators, trade for countries and country groups (aggregates), and commodity prices whose data are reported by the IMF. Data are available from 1980 to the present, and projections are given for the next two years. Additionally, medium-term projections are available for selected indicators. For some countries, data are incomplete or unavailable for certain years.",,IMF,RES,datahelp@imf.org,H00,"C53,F32,F21_IIP,F34,H00,E10,E10_GDP,F10,WEO",,"Demographics, Real sector, Price indexes, Gross domestic product, National accounts, Labor markets, Unemployment, International trade, Export prices, Import prices, International reserves, Monetary aggregates, Consumer prices, Exchange rates, External position, Financial account, Balance of payments, Capital account, Current account, External debt, International investment position, Public sector and general government, Debt service, Fiscal account",EN,2026-04-14T13:00:00Z,2026-04-15T13:00:00Z,European System of Accounts (ESA) 2010,"Gross debt follows the Maastricht definition of gross debt, and excludes other accounts payable. Historical data source: Eurostat.",PUBLIC_OPEN,,PUB,,IMF staff calculations.,,© International Monetary Fund Copyright. All Rights Reserved. https://www.imf.org/external/terms.htm,"International Monetary Fund. World Economic Outlook (WEO), https://data.imf.org/en/datasets/IMF.RES:WEO. Accessed on [current date].",,"Revenue, General government, Percent of GDP",2025,Ministry of Finance or Treasury,,January/December,,Spain: Figures for 2021–28 reflect disbursements of grants and loans under the EU Recovery and Resilience Facility.,Accrual,,,Central Government; State Government; Local Government; Social Security Funds,Nominal value,Currency and Deposits; Loans; Securities Other than Shares,,Euro
IMF.RES:WEO_2026_APR_VINTAGE(1.0.0),ESP,GGR_NGDP,A,2024,42.258127,0,,3,,,,G1,,,,,S13,,,,,,,PT,,,OL,3/26/2026,,"The World Economic Outlook (WEO) database contains selected macroeconomic data series from the statistical appendix of the World Economic Outlook report, which presents the IMF staff's analysis and projections of economic developments at the global level, in major country groups and in many individual countries. The WEO is released in April and September/October each year. Use this database to find data on national accounts, gross domestic product (GDP), inflation, unemployment rates, balance of payments, fiscal indicators, trade for countries and country groups (aggregates), and commodity prices whose data are reported by the IMF. Data are available from 1980 to the present, and projections are given for the next two years. Additionally, medium-term projections are available for selected indicators. For some countries, data are incomplete or unavailable for certain years.",,IMF,RES,datahelp@imf.org,H00,"C53,F32,F21_IIP,F34,H00,E10,E10_GDP,F10,WEO",,"Demographics, Real sector, Price indexes, Gross domestic product, National accounts, Labor markets, Unemployment, International trade, Export prices, Import prices, International reserves, Monetary aggregates, Consumer prices, Exchange rates, External position, Financial account, Balance of payments, Capital account, Current account, External debt, International investment position, Public sector and general government, Debt service, Fiscal account",EN,2026-04-14T13:00:00Z,2026-04-15T13:00:00Z,European System of Accounts (ESA) 2010,"Gross debt follows the Maastricht definition of gross debt, and excludes other accounts payable. Historical data source: Eurostat.",PUBLIC_OPEN,,PUB,,IMF staff calculations.,,© International Monetary Fund Copyright. All Rights Reserved. https://www.imf.org/external/terms.htm,"International Monetary Fund. World Economic Outlook (WEO), https://data.imf.org/en/datasets/IMF.RES:WEO. Accessed on [current date].",,"Revenue, General government, Percent of GDP",2025,Ministry of Finance or Treasury,,January/December,,Spain: Figures for 2021–28 reflect disbursements of grants and loans under the EU Recovery and Resilience Facility.,Accrual,,,Central Government; State Government; Local Government; Social Security Funds,Nominal value,Currency and Deposits; Loans; Securities Other than Shares,,Euro
IMF.RES:WEO_2026_APR_VINTAGE(1.0.0),ESP,GGR_NGDP,A,2025,42.201476,0,,3,,,,G1,,,,,S13,,,,,,,PT,,,OL,3/26/2026,,"The World Economic Outlook (WEO) database contains selected macroeconomic data series from the statistical appendix of the World Economic Outlook report, which presents the IMF staff's analysis and projections of economic developments at the global level, in major country groups and in many individual countries. The WEO is released in April and September/October each year. Use this database to find data on national accounts, gross domestic product (GDP), inflation, unemployment rates, balance of payments, fiscal indicators, trade for countries and country groups (aggregates), and commodity prices whose data are reported by the IMF. Data are available from 1980 to the present, and projections are given for the next two years. Additionally, medium-term projections are available for selected indicators. For some countries, data are incomplete or unavailable for certain years.",,IMF,RES,datahelp@imf.org,H00,"C53,F32,F21_IIP,F34,H00,E10,E10_GDP,F10,WEO",,"Demographics, Real sector, Price indexes, Gross domestic product, National accounts, Labor markets, Unemployment, International trade, Export prices, Import prices, International reserves, Monetary aggregates, Consumer prices, Exchange rates, External position, Financial account, Balance of payments, Capital account, Current account, External debt, International investment position, Public sector and general government, Debt service, Fiscal account",EN,2026-04-14T13:00:00Z,2026-04-15T13:00:00Z,European System of Accounts (ESA) 2010,"Gross debt follows the Maastricht definition of gross debt, and excludes other accounts payable. Historical data source: Eurostat.",PUBLIC_OPEN,,PUB,,IMF staff calculations.,,© International Monetary Fund Copyright. All Rights Reserved. https://www.imf.org/external/terms.htm,"International Monetary Fund. World Economic Outlook (WEO), https://data.imf.org/en/datasets/IMF.RES:WEO. Accessed on [current date].",,"Revenue, General government, Percent of GDP",2025,Ministry of Finance or Treasury,,January/December,,Spain: Figures for 2021–28 reflect disbursements of grants and loans under the EU Recovery and Resilience Facility.,Accrual,,,Central Government; State Government; Local Government; Social Security Funds,Nominal value,Currency and Deposits; Loans; Securities Other than Shares,,Euro
IMF.RES:WEO_2026_APR_VINTAGE(1.0.0),ESP,GGR_NGDP,A,2026,43.227661,0,,3,,,,G1,,,,,S13,,,,,,,PT,,,OL,3/26/2026,,"The World Economic Outlook (WEO) database contains selected macroeconomic data series from the statistical appendix of the World Economic Outlook report, which presents the IMF staff's analysis and projections of economic developments at the global level, in major country groups and in many individual countries. The WEO is released in April and September/October each year. Use this database to find data on national accounts, gross domestic product (GDP), inflation, unemployment rates, balance of payments, fiscal indicators, trade for countries and country groups (aggregates), and commodity prices whose data are reported by the IMF. Data are available from 1980 to the present, and projections are given for the next two years. Additionally, medium-term projections are available for selected indicators. For some countries, data are incomplete or unavailable for certain years.",,IMF,RES,datahelp@imf.org,H00,"C53,F32,F21_IIP,F34,H00,E10,E10_GDP,F10,WEO",,"Demographics, Real sector, Price indexes, Gross domestic product, National accounts, Labor markets, Unemployment, International trade, Export prices, Import prices, International reserves, Monetary aggregates, Consumer prices, Exchange rates, External position, Financial account, Balance of payments, Capital account, Current account, External debt, International investment position, Public sector and general government, Debt service, Fiscal account",EN,2026-04-14T13:00:00Z,2026-04-15T13:00:00Z,European System of Accounts (ESA) 2010,"Gross debt follows the Maastricht definition of gross debt, and excludes other accounts payable. Historical data source: Eurostat.",PUBLIC_OPEN,,PUB,,IMF staff calculations.,,© International Monetary Fund Copyright. All Rights Reserved. https://www.imf.org/external/terms.htm,"International Monetary Fund. World Economic Outlook (WEO), https://data.imf.org/en/datasets/IMF.RES:WEO. Accessed on [current date].",,"Revenue, General government, Percent of GDP",2025,Ministry of Finance or Treasury,,January/December,,Spain: Figures for 2021–28 reflect disbursements of grants and loans under the EU Recovery and Resilience Facility.,Accrual,,,Central Government; State Government; Local Government; Social Security Funds,Nominal value,Currency and Deposits; Loans; Securities Other than Shares,,Euro
IMF.RES:WEO_2026_APR_VINTAGE(1.0.0),ESP,GGR_NGDP,A,2027,43.150024,0,,3,,,,G1,,,,,S13,,,,,,,PT,,,OL,3/26/2026,,"The World Economic Outlook (WEO) database contains selected macroeconomic data series from the statistical appendix of the World Economic Outlook report, which presents the IMF staff's analysis and projections of economic developments at the global level, in major country groups and in many individual countries. The WEO is released in April and September/October each year. Use this database to find data on national accounts, gross domestic product (GDP), inflation, unemployment rates, balance of payments, fiscal indicators, trade for countries and country groups (aggregates), and commodity prices whose data are reported by the IMF. Data are available from 1980 to the present, and projections are given for the next two years. Additionally, medium-term projections are available for selected indicators. For some countries, data are incomplete or unavailable for certain years.",,IMF,RES,datahelp@imf.org,H00,"C53,F32,F21_IIP,F34,H00,E10,E10_GDP,F10,WEO",,"Demographics, Real sector, Price indexes, Gross domestic product, National accounts, Labor markets, Unemployment, International trade, Export prices, Import prices, International reserves, Monetary aggregates, Consumer prices, Exchange rates, External position, Financial account, Balance of payments, Capital account, Current account, External debt, International investment position, Public sector and general government, Debt service, Fiscal account",EN,2026-04-14T13:00:00Z,2026-04-15T13:00:00Z,European System of Accounts (ESA) 2010,"Gross debt follows the Maastricht definition of gross debt, and excludes other accounts payable. Historical data source: Eurostat.",PUBLIC_OPEN,,PUB,,IMF staff calculations.,,© International Monetary Fund Copyright. All Rights Reserved. https://www.imf.org/external/terms.htm,"International Monetary Fund. World Economic Outlook (WEO), https://data.imf.org/en/datasets/IMF.RES:WEO. Accessed on [current date].",,"Revenue, General government, Percent of GDP",2025,Ministry of Finance or Treasury,,January/December,,Spain: Figures for 2021–28 reflect disbursements of grants and loans under the EU Recovery and Resilience Facility.,Accrual,,,Central Government; State Government; Local Government; Social Security Funds,Nominal value,Currency and Deposits; Loans; Securities Other than Shares,,Euro
IMF.RES:WEO_2026_APR_VINTAGE(1.0.0),ESP,GGR_NGDP,A,2028,42.821557,0,,3,,,,G1,,,,,S13,,,,,,,PT,,,OL,3/26/2026,,"The World Economic Outlook (WEO) database contains selected macroeconomic data series from the statistical appendix of the World Economic Outlook report, which presents the IMF staff's analysis and projections of economic developments at the global level, in major country groups and in many individual countries. The WEO is released in April and September/October each year. Use this database to find data on national accounts, gross domestic product (GDP), inflation, unemployment rates, balance of payments, fiscal indicators, trade for countries and country groups (aggregates), and commodity prices whose data are reported by the IMF. Data are available from 1980 to the present, and projections are given for the next two years. Additionally, medium-term projections are available for selected indicators. For some countries, data are incomplete or unavailable for certain years.",,IMF,RES,datahelp@imf.org,H00,"C53,F32,F21_IIP,F34,H00,E10,E10_GDP,F10,WEO",,"Demographics, Real sector, Price indexes, Gross domestic product, National accounts, Labor markets, Unemployment, International trade, Export prices, Import prices, International reserves, Monetary aggregates, Consumer prices, Exchange rates, External position, Financial account, Balance of payments, Capital account, Current account, External debt, International investment position, Public sector and general government, Debt service, Fiscal account",EN,2026-04-14T13:00:00Z,2026-04-15T13:00:00Z,European System of Accounts (ESA) 2010,"Gross debt follows the Maastricht definition of gross debt, and excludes other accounts payable. Historical data source: Eurostat.",PUBLIC_OPEN,,PUB,,IMF staff calculations.,,© International Monetary Fund Copyright. All Rights Reserved. https://www.imf.org/external/terms.htm,"International Monetary Fund. World Economic Outlook (WEO), https://data.imf.org/en/datasets/IMF.RES:WEO. Accessed on [current date].",,"Revenue, General government, Percent of GDP",2025,Ministry of Finance or Treasury,,January/December,,Spain: Figures for 2021–28 reflect disbursements of grants and loans under the EU Recovery and Resilience Facility.,Accrual,,,Central Government; State Government; Local Government; Social Security Funds,Nominal value,Currency and Deposits; Loans; Securities Other than Shares,,Euro
IMF.RES:WEO_2026_APR_VINTAGE(1.0.0),ESP,GGR_NGDP,A,2029,43.10845,0,,3,,,,G1,,,,,S13,,,,,,,PT,,,OL,3/26/2026,,"The World Economic Outlook (WEO) database contains selected macroeconomic data series from the statistical appendix of the World Economic Outlook report, which presents the IMF staff's analysis and projections of economic developments at the global level, in major country groups and in many individual countries. The WEO is released in April and September/October each year. Use this database to find data on national accounts, gross domestic product (GDP), inflation, unemployment rates, balance of payments, fiscal indicators, trade for countries and country groups (aggregates), and commodity prices whose data are reported by the IMF. Data are available from 1980 to the present, and projections are given for the next two years. Additionally, medium-term projections are available for selected indicators. For some countries, data are incomplete or unavailable for certain years.",,IMF,RES,datahelp@imf.org,H00,"C53,F32,F21_IIP,F34,H00,E10,E10_GDP,F10,WEO",,"Demographics, Real sector, Price indexes, Gross domestic product, National accounts, Labor markets, Unemployment, International trade, Export prices, Import prices, International reserves, Monetary aggregates, Consumer prices, Exchange rates, External position, Financial account, Balance of payments, Capital account, Current account, External debt, International investment position, Public sector and general government, Debt service, Fiscal account",EN,2026-04-14T13:00:00Z,2026-04-15T13:00:00Z,European System of Accounts (ESA) 2010,"Gross debt follows the Maastricht definition of gross debt, and excludes other accounts payable. Historical data source: Eurostat.",PUBLIC_OPEN,,PUB,,IMF staff calculations.,,© International Monetary Fund Copyright. All Rights Reserved. https://www.imf.org/external/terms.htm,"International Monetary Fund. World Economic Outlook (WEO), https://data.imf.org/en/datasets/IMF.RES:WEO. Accessed on [current date].",,"Revenue, General government, Percent of GDP",2025,Ministry of Finance or Treasury,,January/December,,Spain: Figures for 2021–28 reflect disbursements of grants and loans under the EU Recovery and Resilience Facility.,Accrual,,,Central Government; State Government; Local Government; Social Security Funds,Nominal value,Currency and Deposits; Loans; Securities Other than Shares,,Euro
IMF.RES:WEO_2026_APR_VINTAGE(1.0.0),ESP,GGR_NGDP,A,2030,43.267279,0,,3,,,,G1,,,,,S13,,,,,,,PT,,,OL,3/26/2026,,"The World Economic Outlook (WEO) database contains selected macroeconomic data series from the statistical appendix of the World Economic Outlook report, which presents the IMF staff's analysis and projections of economic developments at the global level, in major country groups and in many individual countries. The WEO is released in April and September/October each year. Use this database to find data on national accounts, gross domestic product (GDP), inflation, unemployment rates, balance of payments, fiscal indicators, trade for countries and country groups (aggregates), and commodity prices whose data are reported by the IMF. Data are available from 1980 to the present, and projections are given for the next two years. Additionally, medium-term projections are available for selected indicators. For some countries, data are incomplete or unavailable for certain years.",,IMF,RES,datahelp@imf.org,H00,"C53,F32,F21_IIP,F34,H00,E10,E10_GDP,F10,WEO",,"Demographics, Real sector, Price indexes, Gross domestic product, National accounts, Labor markets, Unemployment, International trade, Export prices, Import prices, International reserves, Monetary aggregates, Consumer prices, Exchange rates, External position, Financial account, Balance of payments, Capital account, Current account, External debt, International investment position, Public sector and general government, Debt service, Fiscal account",EN,2026-04-14T13:00:00Z,2026-04-15T13:00:00Z,European System of Accounts (ESA) 2010,"Gross debt follows the Maastricht definition of gross debt, and excludes other accounts payable. Historical data source: Eurostat.",PUBLIC_OPEN,,PUB,,IMF staff calculations.,,© International Monetary Fund Copyright. All Rights Reserved. https://www.imf.org/external/terms.htm,"International Monetary Fund. World Economic Outlook (WEO), https://data.imf.org/en/datasets/IMF.RES:WEO. Accessed on [current date].",,"Revenue, General government, Percent of GDP",2025,Ministry of Finance or Treasury,,January/December,,Spain: Figures for 2021–28 reflect disbursements of grants and loans under the EU Recovery and Resilience Facility.,Accrual,,,Central Government; State Government; Local Government; Social Security Funds,Nominal value,Currency and Deposits; Loans; Securities Other than Shares,,Euro
IMF.RES:WEO_2026_APR_VINTAGE(1.0.0),ESP,GGR_NGDP,A,2031,43.365549,0,,3,,,,G1,,,,,S13,,,,,,,PT,,,OL,3/26/2026,,"The World Economic Outlook (WEO) database contains selected macroeconomic data series from the statistical appendix of the World Economic Outlook report, which presents the IMF staff's analysis and projections of economic developments at the global level, in major country groups and in many individual countries. The WEO is released in April and September/October each year. Use this database to find data on national accounts, gross domestic product (GDP), inflation, unemployment rates, balance of payments, fiscal indicators, trade for countries and country groups (aggregates), and commodity prices whose data are reported by the IMF. Data are available from 1980 to the present, and projections are given for the next two years. Additionally, medium-term projections are available for selected indicators. For some countries, data are incomplete or unavailable for certain years.",,IMF,RES,datahelp@imf.org,H00,"C53,F32,F21_IIP,F34,H00,E10,E10_GDP,F10,WEO",,"Demographics, Real sector, Price indexes, Gross domestic product, National accounts, Labor markets, Unemployment, International trade, Export prices, Import prices, International reserves, Monetary aggregates, Consumer prices, Exchange rates, External position, Financial account, Balance of payments, Capital account, Current account, External debt, International investment position, Public sector and general government, Debt service, Fiscal account",EN,2026-04-14T13:00:00Z,2026-04-15T13:00:00Z,European System of Accounts (ESA) 2010,"Gross debt follows the Maastricht definition of gross debt, and excludes other accounts payable. Historical data source: Eurostat.",PUBLIC_OPEN,,PUB,,IMF staff calculations.,,© International Monetary Fund Copyright. All Rights Reserved. https://www.imf.org/external/terms.htm,"International Monetary Fund. World Economic Outlook (WEO), https://data.imf.org/en/datasets/IMF.RES:WEO. Accessed on [current date].",,"Revenue, General government, Percent of GDP",2025,Ministry of Finance or Treasury,,January/December,,Spain: Figures for 2021–28 reflect disbursements of grants and loans under the EU Recovery and Resilience Facility.,Accrual,,,Central Government; State Government; Local Government; Social Security Funds,Nominal value,Currency and Deposits; Loans; Securities Other than Shares,,Euro
IMF.RES:WEO_2026_APR_VINTAGE(1.0.0),ESP,GGXCNL_NGDP,A,2015,-5.264867,0,,3,,,,GNLB,,,,,S13,,,,,,,PT,,,OL,3/26/2026,,"The World Economic Outlook (WEO) database contains selected macroeconomic data series from the statistical appendix of the World Economic Outlook report, which presents the IMF staff's analysis and projections of economic developments at the global level, in major country groups and in many individual countries. The WEO is released in April and September/October each year. Use this database to find data on national accounts, gross domestic product (GDP), inflation, unemployment rates, balance of payments, fiscal indicators, trade for countries and country groups (aggregates), and commodity prices whose data are reported by the IMF. Data are available from 1980 to the present, and projections are given for the next two years. Additionally, medium-term projections are available for selected indicators. For some countries, data are incomplete or unavailable for certain years.",,IMF,RES,datahelp@imf.org,H00,"C53,F32,F21_IIP,F34,H00,E10,E10_GDP,F10,WEO",,"Demographics, Real sector, Price indexes, Gross domestic product, National accounts, Labor markets, Unemployment, International trade, Export prices, Import prices, International reserves, Monetary aggregates, Consumer prices, Exchange rates, External position, Financial account, Balance of payments, Capital account, Current account, External debt, International investment position, Public sector and general government, Debt service, Fiscal account",EN,2026-04-14T13:00:00Z,2026-04-15T13:00:00Z,European System of Accounts (ESA) 2010,"Gross debt follows the Maastricht definition of gross debt, and excludes other accounts payable. Historical data source: Eurostat.",PUBLIC_OPEN,,PUB,,IMF staff calculations.,,© International Monetary Fund Copyright. All Rights Reserved. https://www.imf.org/external/terms.htm,"International Monetary Fund. World Economic Outlook (WEO), https://data.imf.org/en/datasets/IMF.RES:WEO. Accessed on [current date].",,"Net lending (+) / net borrowing (-), General government, Percent of GDP",2025,Ministry of Finance or Treasury,,January/December,,Spain: Figures for 2021–28 reflect disbursements of grants and loans under the EU Recovery and Resilience Facility.,Accrual,,,Central Government; State Government; Local Government; Social Security Funds,Nominal value,Currency and Deposits; Loans; Securities Other than Shares,,Euro
IMF.RES:WEO_2026_APR_VINTAGE(1.0.0),ESP,GGXCNL_NGDP,A,2016,-4.264863,0,,3,,,,GNLB,,,,,S13,,,,,,,PT,,,OL,3/26/2026,,"The World Economic Outlook (WEO) database contains selected macroeconomic data series from the statistical appendix of the World Economic Outlook report, which presents the IMF staff's analysis and projections of economic developments at the global level, in major country groups and in many individual countries. The WEO is released in April and September/October each year. Use this database to find data on national accounts, gross domestic product (GDP), inflation, unemployment rates, balance of payments, fiscal indicators, trade for countries and country groups (aggregates), and commodity prices whose data are reported by the IMF. Data are available from 1980 to the present, and projections are given for the next two years. Additionally, medium-term projections are available for selected indicators. For some countries, data are incomplete or unavailable for certain years.",,IMF,RES,datahelp@imf.org,H00,"C53,F32,F21_IIP,F34,H00,E10,E10_GDP,F10,WEO",,"Demographics, Real sector, Price indexes, Gross domestic product, National accounts, Labor markets, Unemployment, International trade, Export prices, Import prices, International reserves, Monetary aggregates, Consumer prices, Exchange rates, External position, Financial account, Balance of payments, Capital account, Current account, External debt, International investment position, Public sector and general government, Debt service, Fiscal account",EN,2026-04-14T13:00:00Z,2026-04-15T13:00:00Z,European System of Accounts (ESA) 2010,"Gross debt follows the Maastricht definition of gross debt, and excludes other accounts payable. Historical data source: Eurostat.",PUBLIC_OPEN,,PUB,,IMF staff calculations.,,© International Monetary Fund Copyright. All Rights Reserved. https://www.imf.org/external/terms.htm,"International Monetary Fund. World Economic Outlook (WEO), https://data.imf.org/en/datasets/IMF.RES:WEO. Accessed on [current date].",,"Net lending (+) / net borrowing (-), General government, Percent of GDP",2025,Ministry of Finance or Treasury,,January/December,,Spain: Figures for 2021–28 reflect disbursements of grants and loans under the EU Recovery and Resilience Facility.,Accrual,,,Central Government; State Government; Local Government; Social Security Funds,Nominal value,Currency and Deposits; Loans; Securities Other than Shares,,Euro
IMF.RES:WEO_2026_APR_VINTAGE(1.0.0),ESP,GGXCNL_NGDP,A,2017,-3.096347,0,,3,,,,GNLB,,,,,S13,,,,,,,PT,,,OL,3/26/2026,,"The World Economic Outlook (WEO) database contains selected macroeconomic data series from the statistical appendix of the World Economic Outlook report, which presents the IMF staff's analysis and projections of economic developments at the global level, in major country groups and in many individual countries. The WEO is released in April and September/October each year. Use this database to find data on national accounts, gross domestic product (GDP), inflation, unemployment rates, balance of payments, fiscal indicators, trade for countries and country groups (aggregates), and commodity prices whose data are reported by the IMF. Data are available from 1980 to the present, and projections are given for the next two years. Additionally, medium-term projections are available for selected indicators. For some countries, data are incomplete or unavailable for certain years.",,IMF,RES,datahelp@imf.org,H00,"C53,F32,F21_IIP,F34,H00,E10,E10_GDP,F10,WEO",,"Demographics, Real sector, Price indexes, Gross domestic product, National accounts, Labor markets, Unemployment, International trade, Export prices, Import prices, International reserves, Monetary aggregates, Consumer prices, Exchange rates, External position, Financial account, Balance of payments, Capital account, Current account, External debt, International investment position, Public sector and general government, Debt service, Fiscal account",EN,2026-04-14T13:00:00Z,2026-04-15T13:00:00Z,European System of Accounts (ESA) 2010,"Gross debt follows the Maastricht definition of gross debt, and excludes other accounts payable. Historical data source: Eurostat.",PUBLIC_OPEN,,PUB,,IMF staff calculations.,,© International Monetary Fund Copyright. All Rights Reserved. https://www.imf.org/external/terms.htm,"International Monetary Fund. World Economic Outlook (WEO), https://data.imf.org/en/datasets/IMF.RES:WEO. Accessed on [current date].",,"Net lending (+) / net borrowing (-), General government, Percent of GDP",2025,Ministry of Finance or Treasury,,January/December,,Spain: Figures for 2021–28 reflect disbursements of grants and loans under the EU Recovery and Resilience Facility.,Accrual,,,Central Government; State Government; Local Government; Social Security Funds,Nominal value,Currency and Deposits; Loans; Securities Other than Shares,,Euro
IMF.RES:WEO_2026_APR_VINTAGE(1.0.0),ESP,GGXCNL_NGDP,A,2018,-2.575651,0,,3,,,,GNLB,,,,,S13,,,,,,,PT,,,OL,3/26/2026,,"The World Economic Outlook (WEO) database contains selected macroeconomic data series from the statistical appendix of the World Economic Outlook report, which presents the IMF staff's analysis and projections of economic developments at the global level, in major country groups and in many individual countries. The WEO is released in April and September/October each year. Use this database to find data on national accounts, gross domestic product (GDP), inflation, unemployment rates, balance of payments, fiscal indicators, trade for countries and country groups (aggregates), and commodity prices whose data are reported by the IMF. Data are available from 1980 to the present, and projections are given for the next two years. Additionally, medium-term projections are available for selected indicators. For some countries, data are incomplete or unavailable for certain years.",,IMF,RES,datahelp@imf.org,H00,"C53,F32,F21_IIP,F34,H00,E10,E10_GDP,F10,WEO",,"Demographics, Real sector, Price indexes, Gross domestic product, National accounts, Labor markets, Unemployment, International trade, Export prices, Import prices, International reserves, Monetary aggregates, Consumer prices, Exchange rates, External position, Financial account, Balance of payments, Capital account, Current account, External debt, International investment position, Public sector and general government, Debt service, Fiscal account",EN,2026-04-14T13:00:00Z,2026-04-15T13:00:00Z,European System of Accounts (ESA) 2010,"Gross debt follows the Maastricht definition of gross debt, and excludes other accounts payable. Historical data source: Eurostat.",PUBLIC_OPEN,,PUB,,IMF staff calculations.,,© International Monetary Fund Copyright. All Rights Reserved. https://www.imf.org/external/terms.htm,"International Monetary Fund. World Economic Outlook (WEO), https://data.imf.org/en/datasets/IMF.RES:WEO. Accessed on [current date].",,"Net lending (+) / net borrowing (-), General government, Percent of GDP",2025,Ministry of Finance or Treasury,,January/December,,Spain: Figures for 2021–28 reflect disbursements of grants and loans under the EU Recovery and Resilience Facility.,Accrual,,,Central Government; State Government; Local Government; Social Security Funds,Nominal value,Currency and Deposits; Loans; Securities Other than Shares,,Euro
IMF.RES:WEO_2026_APR_VINTAGE(1.0.0),ESP,GGXCNL_NGDP,A,2019,-3.040257,0,,3,,,,GNLB,,,,,S13,,,,,,,PT,,,OL,3/26/2026,,"The World Economic Outlook (WEO) database contains selected macroeconomic data series from the statistical appendix of the World Economic Outlook report, which presents the IMF staff's analysis and projections of economic developments at the global level, in major country groups and in many individual countries. The WEO is released in April and September/October each year. Use this database to find data on national accounts, gross domestic product (GDP), inflation, unemployment rates, balance of payments, fiscal indicators, trade for countries and country groups (aggregates), and commodity prices whose data are reported by the IMF. Data are available from 1980 to the present, and projections are given for the next two years. Additionally, medium-term projections are available for selected indicators. For some countries, data are incomplete or unavailable for certain years.",,IMF,RES,datahelp@imf.org,H00,"C53,F32,F21_IIP,F34,H00,E10,E10_GDP,F10,WEO",,"Demographics, Real sector, Price indexes, Gross domestic product, National accounts, Labor markets, Unemployment, International trade, Export prices, Import prices, International reserves, Monetary aggregates, Consumer prices, Exchange rates, External position, Financial account, Balance of payments, Capital account, Current account, External debt, International investment position, Public sector and general government, Debt service, Fiscal account",EN,2026-04-14T13:00:00Z,2026-04-15T13:00:00Z,European System of Accounts (ESA) 2010,"Gross debt follows the Maastricht definition of gross debt, and excludes other accounts payable. Historical data source: Eurostat.",PUBLIC_OPEN,,PUB,,IMF staff calculations.,,© International Monetary Fund Copyright. All Rights Reserved. https://www.imf.org/external/terms.htm,"International Monetary Fund. World Economic Outlook (WEO), https://data.imf.org/en/datasets/IMF.RES:WEO. Accessed on [current date].",,"Net lending (+) / net borrowing (-), General government, Percent of GDP",2025,Ministry of Finance or Treasury,,January/December,,Spain: Figures for 2021–28 reflect disbursements of grants and loans under the EU Recovery and Resilience Facility.,Accrual,,,Central Government; State Government; Local Government; Social Security Funds,Nominal value,Currency and Deposits; Loans; Securities Other than Shares,,Euro
IMF.RES:WEO_2026_APR_VINTAGE(1.0.0),ESP,GGXCNL_NGDP,A,2020,-10.024583,0,,3,,,,GNLB,,,,,S13,,,,,,,PT,,,OL,3/26/2026,,"The World Economic Outlook (WEO) database contains selected macroeconomic data series from the statistical appendix of the World Economic Outlook report, which presents the IMF staff's analysis and projections of economic developments at the global level, in major country groups and in many individual countries. The WEO is released in April and September/October each year. Use this database to find data on national accounts, gross domestic product (GDP), inflation, unemployment rates, balance of payments, fiscal indicators, trade for countries and country groups (aggregates), and commodity prices whose data are reported by the IMF. Data are available from 1980 to the present, and projections are given for the next two years. Additionally, medium-term projections are available for selected indicators. For some countries, data are incomplete or unavailable for certain years.",,IMF,RES,datahelp@imf.org,H00,"C53,F32,F21_IIP,F34,H00,E10,E10_GDP,F10,WEO",,"Demographics, Real sector, Price indexes, Gross domestic product, National accounts, Labor markets, Unemployment, International trade, Export prices, Import prices, International reserves, Monetary aggregates, Consumer prices, Exchange rates, External position, Financial account, Balance of payments, Capital account, Current account, External debt, International investment position, Public sector and general government, Debt service, Fiscal account",EN,2026-04-14T13:00:00Z,2026-04-15T13:00:00Z,European System of Accounts (ESA) 2010,"Gross debt follows the Maastricht definition of gross debt, and excludes other accounts payable. Historical data source: Eurostat.",PUBLIC_OPEN,,PUB,,IMF staff calculations.,,© International Monetary Fund Copyright. All Rights Reserved. https://www.imf.org/external/terms.htm,"International Monetary Fund. World Economic Outlook (WEO), https://data.imf.org/en/datasets/IMF.RES:WEO. Accessed on [current date].",,"Net lending (+) / net borrowing (-), General government, Percent of GDP",2025,Ministry of Finance or Treasury,,January/December,,Spain: Figures for 2021–28 reflect disbursements of grants and loans under the EU Recovery and Resilience Facility.,Accrual,,,Central Government; State Government; Local Government; Social Security Funds,Nominal value,Currency and Deposits; Loans; Securities Other than Shares,,Euro
IMF.RES:WEO_2026_APR_VINTAGE(1.0.0),ESP,GGXCNL_NGDP,A,2021,-6.658335,0,,3,,,,GNLB,,,,,S13,,,,,,,PT,,,OL,3/26/2026,,"The World Economic Outlook (WEO) database contains selected macroeconomic data series from the statistical appendix of the World Economic Outlook report, which presents the IMF staff's analysis and projections of economic developments at the global level, in major country groups and in many individual countries. The WEO is released in April and September/October each year. Use this database to find data on national accounts, gross domestic product (GDP), inflation, unemployment rates, balance of payments, fiscal indicators, trade for countries and country groups (aggregates), and commodity prices whose data are reported by the IMF. Data are available from 1980 to the present, and projections are given for the next two years. Additionally, medium-term projections are available for selected indicators. For some countries, data are incomplete or unavailable for certain years.",,IMF,RES,datahelp@imf.org,H00,"C53,F32,F21_IIP,F34,H00,E10,E10_GDP,F10,WEO",,"Demographics, Real sector, Price indexes, Gross domestic product, National accounts, Labor markets, Unemployment, International trade, Export prices, Import prices, International reserves, Monetary aggregates, Consumer prices, Exchange rates, External position, Financial account, Balance of payments, Capital account, Current account, External debt, International investment position, Public sector and general government, Debt service, Fiscal account",EN,2026-04-14T13:00:00Z,2026-04-15T13:00:00Z,European System of Accounts (ESA) 2010,"Gross debt follows the Maastricht definition of gross debt, and excludes other accounts payable. Historical data source: Eurostat.",PUBLIC_OPEN,,PUB,,IMF staff calculations.,,© International Monetary Fund Copyright. All Rights Reserved. https://www.imf.org/external/terms.htm,"International Monetary Fund. World Economic Outlook (WEO), https://data.imf.org/en/datasets/IMF.RES:WEO. Accessed on [current date].",,"Net lending (+) / net borrowing (-), General government, Percent of GDP",2025,Ministry of Finance or Treasury,,January/December,,Spain: Figures for 2021–28 reflect disbursements of grants and loans under the EU Recovery and Resilience Facility.,Accrual,,,Central Government; State Government; Local Government; Social Security Funds,Nominal value,Currency and Deposits; Loans; Securities Other than Shares,,Euro
IMF.RES:WEO_2026_APR_VINTAGE(1.0.0),ESP,GGXCNL_NGDP,A,2022,-4.586576,0,,3,,,,GNLB,,,,,S13,,,,,,,PT,,,OL,3/26/2026,,"The World Economic Outlook (WEO) database contains selected macroeconomic data series from the statistical appendix of the World Economic Outlook report, which presents the IMF staff's analysis and projections of economic developments at the global level, in major country groups and in many individual countries. The WEO is released in April and September/October each year. Use this database to find data on national accounts, gross domestic product (GDP), inflation, unemployment rates, balance of payments, fiscal indicators, trade for countries and country groups (aggregates), and commodity prices whose data are reported by the IMF. Data are available from 1980 to the present, and projections are given for the next two years. Additionally, medium-term projections are available for selected indicators. For some countries, data are incomplete or unavailable for certain years.",,IMF,RES,datahelp@imf.org,H00,"C53,F32,F21_IIP,F34,H00,E10,E10_GDP,F10,WEO",,"Demographics, Real sector, Price indexes, Gross domestic product, National accounts, Labor markets, Unemployment, International trade, Export prices, Import prices, International reserves, Monetary aggregates, Consumer prices, Exchange rates, External position, Financial account, Balance of payments, Capital account, Current account, External debt, International investment position, Public sector and general government, Debt service, Fiscal account",EN,2026-04-14T13:00:00Z,2026-04-15T13:00:00Z,European System of Accounts (ESA) 2010,"Gross debt follows the Maastricht definition of gross debt, and excludes other accounts payable. Historical data source: Eurostat.",PUBLIC_OPEN,,PUB,,IMF staff calculations.,,© International Monetary Fund Copyright. All Rights Reserved. https://www.imf.org/external/terms.htm,"International Monetary Fund. World Economic Outlook (WEO), https://data.imf.org/en/datasets/IMF.RES:WEO. Accessed on [current date].",,"Net lending (+) / net borrowing (-), General government, Percent of GDP",2025,Ministry of Finance or Treasury,,January/December,,Spain: Figures for 2021–28 reflect disbursements of grants and loans under the EU Recovery and Resilience Facility.,Accrual,,,Central Government; State Government; Local Government; Social Security Funds,Nominal value,Currency and Deposits; Loans; Securities Other than Shares,,Euro
IMF.RES:WEO_2026_APR_VINTAGE(1.0.0),ESP,GGXCNL_NGDP,A,2023,-3.340119,0,,3,,,,GNLB,,,,,S13,,,,,,,PT,,,OL,3/26/2026,,"The World Economic Outlook (WEO) database contains selected macroeconomic data series from the statistical appendix of the World Economic Outlook report, which presents the IMF staff's analysis and projections of economic developments at the global level, in major country groups and in many individual countries. The WEO is released in April and September/October each year. Use this database to find data on national accounts, gross domestic product (GDP), inflation, unemployment rates, balance of payments, fiscal indicators, trade for countries and country groups (aggregates), and commodity prices whose data are reported by the IMF. Data are available from 1980 to the present, and projections are given for the next two years. Additionally, medium-term projections are available for selected indicators. For some countries, data are incomplete or unavailable for certain years.",,IMF,RES,datahelp@imf.org,H00,"C53,F32,F21_IIP,F34,H00,E10,E10_GDP,F10,WEO",,"Demographics, Real sector, Price indexes, Gross domestic product, National accounts, Labor markets, Unemployment, International trade, Export prices, Import prices, International reserves, Monetary aggregates, Consumer prices, Exchange rates, External position, Financial account, Balance of payments, Capital account, Current account, External debt, International investment position, Public sector and general government, Debt service, Fiscal account",EN,2026-04-14T13:00:00Z,2026-04-15T13:00:00Z,European System of Accounts (ESA) 2010,"Gross debt follows the Maastricht definition of gross debt, and excludes other accounts payable. Historical data source: Eurostat.",PUBLIC_OPEN,,PUB,,IMF staff calculations.,,© International Monetary Fund Copyright. All Rights Reserved. https://www.imf.org/external/terms.htm,"International Monetary Fund. World Economic Outlook (WEO), https://data.imf.org/en/datasets/IMF.RES:WEO. Accessed on [current date].",,"Net lending (+) / net borrowing (-), General government, Percent of GDP",2025,Ministry of Finance or Treasury,,January/December,,Spain: Figures for 2021–28 reflect disbursements of grants and loans under the EU Recovery and Resilience Facility.,Accrual,,,Central Government; State Government; Local Government; Social Security Funds,Nominal value,Currency and Deposits; Loans; Securities Other than Shares,,Euro
IMF.RES:WEO_2026_APR_VINTAGE(1.0.0),ESP,GGXCNL_NGDP,A,2024,-3.215583,0,,3,,,,GNLB,,,,,S13,,,,,,,PT,,,OL,3/26/2026,,"The World Economic Outlook (WEO) database contains selected macroeconomic data series from the statistical appendix of the World Economic Outlook report, which presents the IMF staff's analysis and projections of economic developments at the global level, in major country groups and in many individual countries. The WEO is released in April and September/October each year. Use this database to find data on national accounts, gross domestic product (GDP), inflation, unemployment rates, balance of payments, fiscal indicators, trade for countries and country groups (aggregates), and commodity prices whose data are reported by the IMF. Data are available from 1980 to the present, and projections are given for the next two years. Additionally, medium-term projections are available for selected indicators. For some countries, data are incomplete or unavailable for certain years.",,IMF,RES,datahelp@imf.org,H00,"C53,F32,F21_IIP,F34,H00,E10,E10_GDP,F10,WEO",,"Demographics, Real sector, Price indexes, Gross domestic product, National accounts, Labor markets, Unemployment, International trade, Export prices, Import prices, International reserves, Monetary aggregates, Consumer prices, Exchange rates, External position, Financial account, Balance of payments, Capital account, Current account, External debt, International investment position, Public sector and general government, Debt service, Fiscal account",EN,2026-04-14T13:00:00Z,2026-04-15T13:00:00Z,European System of Accounts (ESA) 2010,"Gross debt follows the Maastricht definition of gross debt, and excludes other accounts payable. Historical data source: Eurostat.",PUBLIC_OPEN,,PUB,,IMF staff calculations.,,© International Monetary Fund Copyright. All Rights Reserved. https://www.imf.org/external/terms.htm,"International Monetary Fund. World Economic Outlook (WEO), https://data.imf.org/en/datasets/IMF.RES:WEO. Accessed on [current date].",,"Net lending (+) / net borrowing (-), General government, Percent of GDP",2025,Ministry of Finance or Treasury,,January/December,,Spain: Figures for 2021–28 reflect disbursements of grants and loans under the EU Recovery and Resilience Facility.,Accrual,,,Central Government; State Government; Local Government; Social Security Funds,Nominal value,Currency and Deposits; Loans; Securities Other than Shares,,Euro
IMF.RES:WEO_2026_APR_VINTAGE(1.0.0),ESP,GGXCNL_NGDP,A,2025,-2.495813,0,,3,,,,GNLB,,,,,S13,,,,,,,PT,,,OL,3/26/2026,,"The World Economic Outlook (WEO) database contains selected macroeconomic data series from the statistical appendix of the World Economic Outlook report, which presents the IMF staff's analysis and projections of economic developments at the global level, in major country groups and in many individual countries. The WEO is released in April and September/October each year. Use this database to find data on national accounts, gross domestic product (GDP), inflation, unemployment rates, balance of payments, fiscal indicators, trade for countries and country groups (aggregates), and commodity prices whose data are reported by the IMF. Data are available from 1980 to the present, and projections are given for the next two years. Additionally, medium-term projections are available for selected indicators. For some countries, data are incomplete or unavailable for certain years.",,IMF,RES,datahelp@imf.org,H00,"C53,F32,F21_IIP,F34,H00,E10,E10_GDP,F10,WEO",,"Demographics, Real sector, Price indexes, Gross domestic product, National accounts, Labor markets, Unemployment, International trade, Export prices, Import prices, International reserves, Monetary aggregates, Consumer prices, Exchange rates, External position, Financial account, Balance of payments, Capital account, Current account, External debt, International investment position, Public sector and general government, Debt service, Fiscal account",EN,2026-04-14T13:00:00Z,2026-04-15T13:00:00Z,European System of Accounts (ESA) 2010,"Gross debt follows the Maastricht definition of gross debt, and excludes other accounts payable. Historical data source: Eurostat.",PUBLIC_OPEN,,PUB,,IMF staff calculations.,,© International Monetary Fund Copyright. All Rights Reserved. https://www.imf.org/external/terms.htm,"International Monetary Fund. World Economic Outlook (WEO), https://data.imf.org/en/datasets/IMF.RES:WEO. Accessed on [current date].",,"Net lending (+) / net borrowing (-), General government, Percent of GDP",2025,Ministry of Finance or Treasury,,January/December,,Spain: Figures for 2021–28 reflect disbursements of grants and loans under the EU Recovery and Resilience Facility.,Accrual,,,Central Government; State Government; Local Government; Social Security Funds,Nominal value,Currency and Deposits; Loans; Securities Other than Shares,,Euro
IMF.RES:WEO_2026_APR_VINTAGE(1.0.0),ESP,GGXCNL_NGDP,A,2026,-2.067276,0,,3,,,,GNLB,,,,,S13,,,,,,,PT,,,OL,3/26/2026,,"The World Economic Outlook (WEO) database contains selected macroeconomic data series from the statistical appendix of the World Economic Outlook report, which presents the IMF staff's analysis and projections of economic developments at the global level, in major country groups and in many individual countries. The WEO is released in April and September/October each year. Use this database to find data on national accounts, gross domestic product (GDP), inflation, unemployment rates, balance of payments, fiscal indicators, trade for countries and country groups (aggregates), and commodity prices whose data are reported by the IMF. Data are available from 1980 to the present, and projections are given for the next two years. Additionally, medium-term projections are available for selected indicators. For some countries, data are incomplete or unavailable for certain years.",,IMF,RES,datahelp@imf.org,H00,"C53,F32,F21_IIP,F34,H00,E10,E10_GDP,F10,WEO",,"Demographics, Real sector, Price indexes, Gross domestic product, National accounts, Labor markets, Unemployment, International trade, Export prices, Import prices, International reserves, Monetary aggregates, Consumer prices, Exchange rates, External position, Financial account, Balance of payments, Capital account, Current account, External debt, International investment position, Public sector and general government, Debt service, Fiscal account",EN,2026-04-14T13:00:00Z,2026-04-15T13:00:00Z,European System of Accounts (ESA) 2010,"Gross debt follows the Maastricht definition of gross debt, and excludes other accounts payable. Historical data source: Eurostat.",PUBLIC_OPEN,,PUB,,IMF staff calculations.,,© International Monetary Fund Copyright. All Rights Reserved. https://www.imf.org/external/terms.htm,"International Monetary Fund. World Economic Outlook (WEO), https://data.imf.org/en/datasets/IMF.RES:WEO. Accessed on [current date].",,"Net lending (+) / net borrowing (-), General government, Percent of GDP",2025,Ministry of Finance or Treasury,,January/December,,Spain: Figures for 2021–28 reflect disbursements of grants and loans under the EU Recovery and Resilience Facility.,Accrual,,,Central Government; State Government; Local Government; Social Security Funds,Nominal value,Currency and Deposits; Loans; Securities Other than Shares,,Euro
IMF.RES:WEO_2026_APR_VINTAGE(1.0.0),ESP,GGXCNL_NGDP,A,2027,-2.264402,0,,3,,,,GNLB,,,,,S13,,,,,,,PT,,,OL,3/26/2026,,"The World Economic Outlook (WEO) database contains selected macroeconomic data series from the statistical appendix of the World Economic Outlook report, which presents the IMF staff's analysis and projections of economic developments at the global level, in major country groups and in many individual countries. The WEO is released in April and September/October each year. Use this database to find data on national accounts, gross domestic product (GDP), inflation, unemployment rates, balance of payments, fiscal indicators, trade for countries and country groups (aggregates), and commodity prices whose data are reported by the IMF. Data are available from 1980 to the present, and projections are given for the next two years. Additionally, medium-term projections are available for selected indicators. For some countries, data are incomplete or unavailable for certain years.",,IMF,RES,datahelp@imf.org,H00,"C53,F32,F21_IIP,F34,H00,E10,E10_GDP,F10,WEO",,"Demographics, Real sector, Price indexes, Gross domestic product, National accounts, Labor markets, Unemployment, International trade, Export prices, Import prices, International reserves, Monetary aggregates, Consumer prices, Exchange rates, External position, Financial account, Balance of payments, Capital account, Current account, External debt, International investment position, Public sector and general government, Debt service, Fiscal account",EN,2026-04-14T13:00:00Z,2026-04-15T13:00:00Z,European System of Accounts (ESA) 2010,"Gross debt follows the Maastricht definition of gross debt, and excludes other accounts payable. Historical data source: Eurostat.",PUBLIC_OPEN,,PUB,,IMF staff calculations.,,© International Monetary Fund Copyright. All Rights Reserved. https://www.imf.org/external/terms.htm,"International Monetary Fund. World Economic Outlook (WEO), https://data.imf.org/en/datasets/IMF.RES:WEO. Accessed on [current date].",,"Net lending (+) / net borrowing (-), General government, Percent of GDP",2025,Ministry of Finance or Treasury,,January/December,,Spain: Figures for 2021–28 reflect disbursements of grants and loans under the EU Recovery and Resilience Facility.,Accrual,,,Central Government; State Government; Local Government; Social Security Funds,Nominal value,Currency and Deposits; Loans; Securities Other than Shares,,Euro
IMF.RES:WEO_2026_APR_VINTAGE(1.0.0),ESP,GGXCNL_NGDP,A,2028,-2.170991,0,,3,,,,GNLB,,,,,S13,,,,,,,PT,,,OL,3/26/2026,,"The World Economic Outlook (WEO) database contains selected macroeconomic data series from the statistical appendix of the World Economic Outlook report, which presents the IMF staff's analysis and projections of economic developments at the global level, in major country groups and in many individual countries. The WEO is released in April and September/October each year. Use this database to find data on national accounts, gross domestic product (GDP), inflation, unemployment rates, balance of payments, fiscal indicators, trade for countries and country groups (aggregates), and commodity prices whose data are reported by the IMF. Data are available from 1980 to the present, and projections are given for the next two years. Additionally, medium-term projections are available for selected indicators. For some countries, data are incomplete or unavailable for certain years.",,IMF,RES,datahelp@imf.org,H00,"C53,F32,F21_IIP,F34,H00,E10,E10_GDP,F10,WEO",,"Demographics, Real sector, Price indexes, Gross domestic product, National accounts, Labor markets, Unemployment, International trade, Export prices, Import prices, International reserves, Monetary aggregates, Consumer prices, Exchange rates, External position, Financial account, Balance of payments, Capital account, Current account, External debt, International investment position, Public sector and general government, Debt service, Fiscal account",EN,2026-04-14T13:00:00Z,2026-04-15T13:00:00Z,European System of Accounts (ESA) 2010,"Gross debt follows the Maastricht definition of gross debt, and excludes other accounts payable. Historical data source: Eurostat.",PUBLIC_OPEN,,PUB,,IMF staff calculations.,,© International Monetary Fund Copyright. All Rights Reserved. https://www.imf.org/external/terms.htm,"International Monetary Fund. World Economic Outlook (WEO), https://data.imf.org/en/datasets/IMF.RES:WEO. Accessed on [current date].",,"Net lending (+) / net borrowing (-), General government, Percent of GDP",2025,Ministry of Finance or Treasury,,January/December,,Spain: Figures for 2021–28 reflect disbursements of grants and loans under the EU Recovery and Resilience Facility.,Accrual,,,Central Government; State Government; Local Government; Social Security Funds,Nominal value,Currency and Deposits; Loans; Securities Other than Shares,,Euro
IMF.RES:WEO_2026_APR_VINTAGE(1.0.0),ESP,GGXCNL_NGDP,A,2029,-2.158429,0,,3,,,,GNLB,,,,,S13,,,,,,,PT,,,OL,3/26/2026,,"The World Economic Outlook (WEO) database contains selected macroeconomic data series from the statistical appendix of the World Economic Outlook report, which presents the IMF staff's analysis and projections of economic developments at the global level, in major country groups and in many individual countries. The WEO is released in April and September/October each year. Use this database to find data on national accounts, gross domestic product (GDP), inflation, unemployment rates, balance of payments, fiscal indicators, trade for countries and country groups (aggregates), and commodity prices whose data are reported by the IMF. Data are available from 1980 to the present, and projections are given for the next two years. Additionally, medium-term projections are available for selected indicators. For some countries, data are incomplete or unavailable for certain years.",,IMF,RES,datahelp@imf.org,H00,"C53,F32,F21_IIP,F34,H00,E10,E10_GDP,F10,WEO",,"Demographics, Real sector, Price indexes, Gross domestic product, National accounts, Labor markets, Unemployment, International trade, Export prices, Import prices, International reserves, Monetary aggregates, Consumer prices, Exchange rates, External position, Financial account, Balance of payments, Capital account, Current account, External debt, International investment position, Public sector and general government, Debt service, Fiscal account",EN,2026-04-14T13:00:00Z,2026-04-15T13:00:00Z,European System of Accounts (ESA) 2010,"Gross debt follows the Maastricht definition of gross debt, and excludes other accounts payable. Historical data source: Eurostat.",PUBLIC_OPEN,,PUB,,IMF staff calculations.,,© International Monetary Fund Copyright. All Rights Reserved. https://www.imf.org/external/terms.htm,"International Monetary Fund. World Economic Outlook (WEO), https://data.imf.org/en/datasets/IMF.RES:WEO. Accessed on [current date].",,"Net lending (+) / net borrowing (-), General government, Percent of GDP",2025,Ministry of Finance or Treasury,,January/December,,Spain: Figures for 2021–28 reflect disbursements of grants and loans under the EU Recovery and Resilience Facility.,Accrual,,,Central Government; State Government; Local Government; Social Security Funds,Nominal value,Currency and Deposits; Loans; Securities Other than Shares,,Euro
IMF.RES:WEO_2026_APR_VINTAGE(1.0.0),ESP,GGXCNL_NGDP,A,2030,-2.154792,0,,3,,,,GNLB,,,,,S13,,,,,,,PT,,,OL,3/26/2026,,"The World Economic Outlook (WEO) database contains selected macroeconomic data series from the statistical appendix of the World Economic Outlook report, which presents the IMF staff's analysis and projections of economic developments at the global level, in major country groups and in many individual countries. The WEO is released in April and September/October each year. Use this database to find data on national accounts, gross domestic product (GDP), inflation, unemployment rates, balance of payments, fiscal indicators, trade for countries and country groups (aggregates), and commodity prices whose data are reported by the IMF. Data are available from 1980 to the present, and projections are given for the next two years. Additionally, medium-term projections are available for selected indicators. For some countries, data are incomplete or unavailable for certain years.",,IMF,RES,datahelp@imf.org,H00,"C53,F32,F21_IIP,F34,H00,E10,E10_GDP,F10,WEO",,"Demographics, Real sector, Price indexes, Gross domestic product, National accounts, Labor markets, Unemployment, International trade, Export prices, Import prices, International reserves, Monetary aggregates, Consumer prices, Exchange rates, External position, Financial account, Balance of payments, Capital account, Current account, External debt, International investment position, Public sector and general government, Debt service, Fiscal account",EN,2026-04-14T13:00:00Z,2026-04-15T13:00:00Z,European System of Accounts (ESA) 2010,"Gross debt follows the Maastricht definition of gross debt, and excludes other accounts payable. Historical data source: Eurostat.",PUBLIC_OPEN,,PUB,,IMF staff calculations.,,© International Monetary Fund Copyright. All Rights Reserved. https://www.imf.org/external/terms.htm,"International Monetary Fund. World Economic Outlook (WEO), https://data.imf.org/en/datasets/IMF.RES:WEO. Accessed on [current date].",,"Net lending (+) / net borrowing (-), General government, Percent of GDP",2025,Ministry of Finance or Treasury,,January/December,,Spain: Figures for 2021–28 reflect disbursements of grants and loans under the EU Recovery and Resilience Facility.,Accrual,,,Central Government; State Government; Local Government; Social Security Funds,Nominal value,Currency and Deposits; Loans; Securities Other than Shares,,Euro
IMF.RES:WEO_2026_APR_VINTAGE(1.0.0),ESP,GGXCNL_NGDP,A,2031,-2.15331,0,,3,,,,GNLB,,,,,S13,,,,,,,PT,,,OL,3/26/2026,,"The World Economic Outlook (WEO) database contains selected macroeconomic data series from the statistical appendix of the World Economic Outlook report, which presents the IMF staff's analysis and projections of economic developments at the global level, in major country groups and in many individual countries. The WEO is released in April and September/October each year. Use this database to find data on national accounts, gross domestic product (GDP), inflation, unemployment rates, balance of payments, fiscal indicators, trade for countries and country groups (aggregates), and commodity prices whose data are reported by the IMF. Data are available from 1980 to the present, and projections are given for the next two years. Additionally, medium-term projections are available for selected indicators. For some countries, data are incomplete or unavailable for certain years.",,IMF,RES,datahelp@imf.org,H00,"C53,F32,F21_IIP,F34,H00,E10,E10_GDP,F10,WEO",,"Demographics, Real sector, Price indexes, Gross domestic product, National accounts, Labor markets, Unemployment, International trade, Export prices, Import prices, International reserves, Monetary aggregates, Consumer prices, Exchange rates, External position, Financial account, Balance of payments, Capital account, Current account, External debt, International investment position, Public sector and general government, Debt service, Fiscal account",EN,2026-04-14T13:00:00Z,2026-04-15T13:00:00Z,European System of Accounts (ESA) 2010,"Gross debt follows the Maastricht definition of gross debt, and excludes other accounts payable. Historical data source: Eurostat.",PUBLIC_OPEN,,PUB,,IMF staff calculations.,,© International Monetary Fund Copyright. All Rights Reserved. https://www.imf.org/external/terms.htm,"International Monetary Fund. World Economic Outlook (WEO), https://data.imf.org/en/datasets/IMF.RES:WEO. Accessed on [current date].",,"Net lending (+) / net borrowing (-), General government, Percent of GDP",2025,Ministry of Finance or Treasury,,January/December,,Spain: Figures for 2021–28 reflect disbursements of grants and loans under the EU Recovery and Resilience Facility.,Accrual,,,Central Government; State Government; Local Government; Social Security Funds,Nominal value,Currency and Deposits; Loans; Securities Other than Shares,,Euro
IMF.RES:WEO_2026_APR_VINTAGE(1.0.0),ESP,GGXWDG_NGDP,A,2015,102.442124,0,,3,,,,G63G,,,,,S13,,,,,,,PT,,,OL,3/26/2026,,"The World Economic Outlook (WEO) database contains selected macroeconomic data series from the statistical appendix of the World Economic Outlook report, which presents the IMF staff's analysis and projections of economic developments at the global level, in major country groups and in many individual countries. The WEO is released in April and September/October each year. Use this database to find data on national accounts, gross domestic product (GDP), inflation, unemployment rates, balance of payments, fiscal indicators, trade for countries and country groups (aggregates), and commodity prices whose data are reported by the IMF. Data are available from 1980 to the present, and projections are given for the next two years. Additionally, medium-term projections are available for selected indicators. For some countries, data are incomplete or unavailable for certain years.",,IMF,RES,datahelp@imf.org,H00,"C53,F32,F21_IIP,F34,H00,E10,E10_GDP,F10,WEO",,"Demographics, Real sector, Price indexes, Gross domestic product, National accounts, Labor markets, Unemployment, International trade, Export prices, Import prices, International reserves, Monetary aggregates, Consumer prices, Exchange rates, External position, Financial account, Balance of payments, Capital account, Current account, External debt, International investment position, Public sector and general government, Debt service, Fiscal account",EN,2026-04-14T13:00:00Z,2026-04-15T13:00:00Z,European System of Accounts (ESA) 2010,"Gross debt follows the Maastricht definition of gross debt, and excludes other accounts payable. Historical data source: Eurostat.",PUBLIC_OPEN,,PUB,,IMF staff calculations.,,© International Monetary Fund Copyright. All Rights Reserved. https://www.imf.org/external/terms.htm,"International Monetary Fund. World Economic Outlook (WEO), https://data.imf.org/en/datasets/IMF.RES:WEO. Accessed on [current date].",,"Gross debt, General government, Percent of GDP",2025,Ministry of Finance or Treasury,,January/December,,Spain: Figures for 2021–28 reflect disbursements of grants and loans under the EU Recovery and Resilience Facility.,Accrual,,,Central Government; State Government; Local Government; Social Security Funds,Nominal value,Currency and Deposits; Loans; Securities Other than Shares,,Euro
IMF.RES:WEO_2026_APR_VINTAGE(1.0.0),ESP,GGXWDG_NGDP,A,2016,101.966503,0,,3,,,,G63G,,,,,S13,,,,,,,PT,,,OL,3/26/2026,,"The World Economic Outlook (WEO) database contains selected macroeconomic data series from the statistical appendix of the World Economic Outlook report, which presents the IMF staff's analysis and projections of economic developments at the global level, in major country groups and in many individual countries. The WEO is released in April and September/October each year. Use this database to find data on national accounts, gross domestic product (GDP), inflation, unemployment rates, balance of payments, fiscal indicators, trade for countries and country groups (aggregates), and commodity prices whose data are reported by the IMF. Data are available from 1980 to the present, and projections are given for the next two years. Additionally, medium-term projections are available for selected indicators. For some countries, data are incomplete or unavailable for certain years.",,IMF,RES,datahelp@imf.org,H00,"C53,F32,F21_IIP,F34,H00,E10,E10_GDP,F10,WEO",,"Demographics, Real sector, Price indexes, Gross domestic product, National accounts, Labor markets, Unemployment, International trade, Export prices, Import prices, International reserves, Monetary aggregates, Consumer prices, Exchange rates, External position, Financial account, Balance of payments, Capital account, Current account, External debt, International investment position, Public sector and general government, Debt service, Fiscal account",EN,2026-04-14T13:00:00Z,2026-04-15T13:00:00Z,European System of Accounts (ESA) 2010,"Gross debt follows the Maastricht definition of gross debt, and excludes other accounts payable. Historical data source: Eurostat.",PUBLIC_OPEN,,PUB,,IMF staff calculations.,,© International Monetary Fund Copyright. All Rights Reserved. https://www.imf.org/external/terms.htm,"International Monetary Fund. World Economic Outlook (WEO), https://data.imf.org/en/datasets/IMF.RES:WEO. Accessed on [current date].",,"Gross debt, General government, Percent of GDP",2025,Ministry of Finance or Treasury,,January/December,,Spain: Figures for 2021–28 reflect disbursements of grants and loans under the EU Recovery and Resilience Facility.,Accrual,,,Central Government; State Government; Local Government; Social Security Funds,Nominal value,Currency and Deposits; Loans; Securities Other than Shares,,Euro
IMF.RES:WEO_2026_APR_VINTAGE(1.0.0),ESP,GGXWDG_NGDP,A,2017,101.144239,0,,3,,,,G63G,,,,,S13,,,,,,,PT,,,OL,3/26/2026,,"The World Economic Outlook (WEO) database contains selected macroeconomic data series from the statistical appendix of the World Economic Outlook report, which presents the IMF staff's analysis and projections of economic developments at the global level, in major country groups and in many individual countries. The WEO is released in April and September/October each year. Use this database to find data on national accounts, gross domestic product (GDP), inflation, unemployment rates, balance of payments, fiscal indicators, trade for countries and country groups (aggregates), and commodity prices whose data are reported by the IMF. Data are available from 1980 to the present, and projections are given for the next two years. Additionally, medium-term projections are available for selected indicators. For some countries, data are incomplete or unavailable for certain years.",,IMF,RES,datahelp@imf.org,H00,"C53,F32,F21_IIP,F34,H00,E10,E10_GDP,F10,WEO",,"Demographics, Real sector, Price indexes, Gross domestic product, National accounts, Labor markets, Unemployment, International trade, Export prices, Import prices, International reserves, Monetary aggregates, Consumer prices, Exchange rates, External position, Financial account, Balance of payments, Capital account, Current account, External debt, International investment position, Public sector and general government, Debt service, Fiscal account",EN,2026-04-14T13:00:00Z,2026-04-15T13:00:00Z,European System of Accounts (ESA) 2010,"Gross debt follows the Maastricht definition of gross debt, and excludes other accounts payable. Historical data source: Eurostat.",PUBLIC_OPEN,,PUB,,IMF staff calculations.,,© International Monetary Fund Copyright. All Rights Reserved. https://www.imf.org/external/terms.htm,"International Monetary Fund. World Economic Outlook (WEO), https://data.imf.org/en/datasets/IMF.RES:WEO. Accessed on [current date].",,"Gross debt, General government, Percent of GDP",2025,Ministry of Finance or Treasury,,January/December,,Spain: Figures for 2021–28 reflect disbursements of grants and loans under the EU Recovery and Resilience Facility.,Accrual,,,Central Government; State Government; Local Government; Social Security Funds,Nominal value,Currency and Deposits; Loans; Securities Other than Shares,,Euro
IMF.RES:WEO_2026_APR_VINTAGE(1.0.0),ESP,GGXWDG_NGDP,A,2018,99.718283,0,,3,,,,G63G,,,,,S13,,,,,,,PT,,,OL,3/26/2026,,"The World Economic Outlook (WEO) database contains selected macroeconomic data series from the statistical appendix of the World Economic Outlook report, which presents the IMF staff's analysis and projections of economic developments at the global level, in major country groups and in many individual countries. The WEO is released in April and September/October each year. Use this database to find data on national accounts, gross domestic product (GDP), inflation, unemployment rates, balance of payments, fiscal indicators, trade for countries and country groups (aggregates), and commodity prices whose data are reported by the IMF. Data are available from 1980 to the present, and projections are given for the next two years. Additionally, medium-term projections are available for selected indicators. For some countries, data are incomplete or unavailable for certain years.",,IMF,RES,datahelp@imf.org,H00,"C53,F32,F21_IIP,F34,H00,E10,E10_GDP,F10,WEO",,"Demographics, Real sector, Price indexes, Gross domestic product, National accounts, Labor markets, Unemployment, International trade, Export prices, Import prices, International reserves, Monetary aggregates, Consumer prices, Exchange rates, External position, Financial account, Balance of payments, Capital account, Current account, External debt, International investment position, Public sector and general government, Debt service, Fiscal account",EN,2026-04-14T13:00:00Z,2026-04-15T13:00:00Z,European System of Accounts (ESA) 2010,"Gross debt follows the Maastricht definition of gross debt, and excludes other accounts payable. Historical data source: Eurostat.",PUBLIC_OPEN,,PUB,,IMF staff calculations.,,© International Monetary Fund Copyright. All Rights Reserved. https://www.imf.org/external/terms.htm,"International Monetary Fund. World Economic Outlook (WEO), https://data.imf.org/en/datasets/IMF.RES:WEO. Accessed on [current date].",,"Gross debt, General government, Percent of GDP",2025,Ministry of Finance or Treasury,,January/December,,Spain: Figures for 2021–28 reflect disbursements of grants and loans under the EU Recovery and Resilience Facility.,Accrual,,,Central Government; State Government; Local Government; Social Security Funds,Nominal value,Currency and Deposits; Loans; Securities Other than Shares,,Euro
IMF.RES:WEO_2026_APR_VINTAGE(1.0.0),ESP,GGXWDG_NGDP,A,2019,97.578816,0,,3,,,,G63G,,,,,S13,,,,,,,PT,,,OL,3/26/2026,,"The World Economic Outlook (WEO) database contains selected macroeconomic data series from the statistical appendix of the World Economic Outlook report, which presents the IMF staff's analysis and projections of economic developments at the global level, in major country groups and in many individual countries. The WEO is released in April and September/October each year. Use this database to find data on national accounts, gross domestic product (GDP), inflation, unemployment rates, balance of payments, fiscal indicators, trade for countries and country groups (aggregates), and commodity prices whose data are reported by the IMF. Data are available from 1980 to the present, and projections are given for the next two years. Additionally, medium-term projections are available for selected indicators. For some countries, data are incomplete or unavailable for certain years.",,IMF,RES,datahelp@imf.org,H00,"C53,F32,F21_IIP,F34,H00,E10,E10_GDP,F10,WEO",,"Demographics, Real sector, Price indexes, Gross domestic product, National accounts, Labor markets, Unemployment, International trade, Export prices, Import prices, International reserves, Monetary aggregates, Consumer prices, Exchange rates, External position, Financial account, Balance of payments, Capital account, Current account, External debt, International investment position, Public sector and general government, Debt service, Fiscal account",EN,2026-04-14T13:00:00Z,2026-04-15T13:00:00Z,European System of Accounts (ESA) 2010,"Gross debt follows the Maastricht definition of gross debt, and excludes other accounts payable. Historical data source: Eurostat.",PUBLIC_OPEN,,PUB,,IMF staff calculations.,,© International Monetary Fund Copyright. All Rights Reserved. https://www.imf.org/external/terms.htm,"International Monetary Fund. World Economic Outlook (WEO), https://data.imf.org/en/datasets/IMF.RES:WEO. Accessed on [current date].",,"Gross debt, General government, Percent of GDP",2025,Ministry of Finance or Treasury,,January/December,,Spain: Figures for 2021–28 reflect disbursements of grants and loans under the EU Recovery and Resilience Facility.,Accrual,,,Central Government; State Government; Local Government; Social Security Funds,Nominal value,Currency and Deposits; Loans; Securities Other than Shares,,Euro
IMF.RES:WEO_2026_APR_VINTAGE(1.0.0),ESP,GGXWDG_NGDP,A,2020,119.178981,0,,3,,,,G63G,,,,,S13,,,,,,,PT,,,OL,3/26/2026,,"The World Economic Outlook (WEO) database contains selected macroeconomic data series from the statistical appendix of the World Economic Outlook report, which presents the IMF staff's analysis and projections of economic developments at the global level, in major country groups and in many individual countries. The WEO is released in April and September/October each year. Use this database to find data on national accounts, gross domestic product (GDP), inflation, unemployment rates, balance of payments, fiscal indicators, trade for countries and country groups (aggregates), and commodity prices whose data are reported by the IMF. Data are available from 1980 to the present, and projections are given for the next two years. Additionally, medium-term projections are available for selected indicators. For some countries, data are incomplete or unavailable for certain years.",,IMF,RES,datahelp@imf.org,H00,"C53,F32,F21_IIP,F34,H00,E10,E10_GDP,F10,WEO",,"Demographics, Real sector, Price indexes, Gross domestic product, National accounts, Labor markets, Unemployment, International trade, Export prices, Import prices, International reserves, Monetary aggregates, Consumer prices, Exchange rates, External position, Financial account, Balance of payments, Capital account, Current account, External debt, International investment position, Public sector and general government, Debt service, Fiscal account",EN,2026-04-14T13:00:00Z,2026-04-15T13:00:00Z,European System of Accounts (ESA) 2010,"Gross debt follows the Maastricht definition of gross debt, and excludes other accounts payable. Historical data source: Eurostat.",PUBLIC_OPEN,,PUB,,IMF staff calculations.,,© International Monetary Fund Copyright. All Rights Reserved. https://www.imf.org/external/terms.htm,"International Monetary Fund. World Economic Outlook (WEO), https://data.imf.org/en/datasets/IMF.RES:WEO. Accessed on [current date].",,"Gross debt, General government, Percent of GDP",2025,Ministry of Finance or Treasury,,January/December,,Spain: Figures for 2021–28 reflect disbursements of grants and loans under the EU Recovery and Resilience Facility.,Accrual,,,Central Government; State Government; Local Government; Social Security Funds,Nominal value,Currency and Deposits; Loans; Securities Other than Shares,,Euro
IMF.RES:WEO_2026_APR_VINTAGE(1.0.0),ESP,GGXWDG_NGDP,A,2021,115.593914,0,,3,,,,G63G,,,,,S13,,,,,,,PT,,,OL,3/26/2026,,"The World Economic Outlook (WEO) database contains selected macroeconomic data series from the statistical appendix of the World Economic Outlook report, which presents the IMF staff's analysis and projections of economic developments at the global level, in major country groups and in many individual countries. The WEO is released in April and September/October each year. Use this database to find data on national accounts, gross domestic product (GDP), inflation, unemployment rates, balance of payments, fiscal indicators, trade for countries and country groups (aggregates), and commodity prices whose data are reported by the IMF. Data are available from 1980 to the present, and projections are given for the next two years. Additionally, medium-term projections are available for selected indicators. For some countries, data are incomplete or unavailable for certain years.",,IMF,RES,datahelp@imf.org,H00,"C53,F32,F21_IIP,F34,H00,E10,E10_GDP,F10,WEO",,"Demographics, Real sector, Price indexes, Gross domestic product, National accounts, Labor markets, Unemployment, International trade, Export prices, Import prices, International reserves, Monetary aggregates, Consumer prices, Exchange rates, External position, Financial account, Balance of payments, Capital account, Current account, External debt, International investment position, Public sector and general government, Debt service, Fiscal account",EN,2026-04-14T13:00:00Z,2026-04-15T13:00:00Z,European System of Accounts (ESA) 2010,"Gross debt follows the Maastricht definition of gross debt, and excludes other accounts payable. Historical data source: Eurostat.",PUBLIC_OPEN,,PUB,,IMF staff calculations.,,© International Monetary Fund Copyright. All Rights Reserved. https://www.imf.org/external/terms.htm,"International Monetary Fund. World Economic Outlook (WEO), https://data.imf.org/en/datasets/IMF.RES:WEO. Accessed on [current date].",,"Gross debt, General government, Percent of GDP",2025,Ministry of Finance or Treasury,,January/December,,Spain: Figures for 2021–28 reflect disbursements of grants and loans under the EU Recovery and Resilience Facility.,Accrual,,,Central Government; State Government; Local Government; Social Security Funds,Nominal value,Currency and Deposits; Loans; Securities Other than Shares,,Euro
IMF.RES:WEO_2026_APR_VINTAGE(1.0.0),ESP,GGXWDG_NGDP,A,2022,109.22629,0,,3,,,,G63G,,,,,S13,,,,,,,PT,,,OL,3/26/2026,,"The World Economic Outlook (WEO) database contains selected macroeconomic data series from the statistical appendix of the World Economic Outlook report, which presents the IMF staff's analysis and projections of economic developments at the global level, in major country groups and in many individual countries. The WEO is released in April and September/October each year. Use this database to find data on national accounts, gross domestic product (GDP), inflation, unemployment rates, balance of payments, fiscal indicators, trade for countries and country groups (aggregates), and commodity prices whose data are reported by the IMF. Data are available from 1980 to the present, and projections are given for the next two years. Additionally, medium-term projections are available for selected indicators. For some countries, data are incomplete or unavailable for certain years.",,IMF,RES,datahelp@imf.org,H00,"C53,F32,F21_IIP,F34,H00,E10,E10_GDP,F10,WEO",,"Demographics, Real sector, Price indexes, Gross domestic product, National accounts, Labor markets, Unemployment, International trade, Export prices, Import prices, International reserves, Monetary aggregates, Consumer prices, Exchange rates, External position, Financial account, Balance of payments, Capital account, Current account, External debt, International investment position, Public sector and general government, Debt service, Fiscal account",EN,2026-04-14T13:00:00Z,2026-04-15T13:00:00Z,European System of Accounts (ESA) 2010,"Gross debt follows the Maastricht definition of gross debt, and excludes other accounts payable. Historical data source: Eurostat.",PUBLIC_OPEN,,PUB,,IMF staff calculations.,,© International Monetary Fund Copyright. All Rights Reserved. https://www.imf.org/external/terms.htm,"International Monetary Fund. World Economic Outlook (WEO), https://data.imf.org/en/datasets/IMF.RES:WEO. Accessed on [current date].",,"Gross debt, General government, Percent of GDP",2025,Ministry of Finance or Treasury,,January/December,,Spain: Figures for 2021–28 reflect disbursements of grants and loans under the EU Recovery and Resilience Facility.,Accrual,,,Central Government; State Government; Local Government; Social Security Funds,Nominal value,Currency and Deposits; Loans; Securities Other than Shares,,Euro
IMF.RES:WEO_2026_APR_VINTAGE(1.0.0),ESP,GGXWDG_NGDP,A,2023,105.07374,0,,3,,,,G63G,,,,,S13,,,,,,,PT,,,OL,3/26/2026,,"The World Economic Outlook (WEO) database contains selected macroeconomic data series from the statistical appendix of the World Economic Outlook report, which presents the IMF staff's analysis and projections of economic developments at the global level, in major country groups and in many individual countries. The WEO is released in April and September/October each year. Use this database to find data on national accounts, gross domestic product (GDP), inflation, unemployment rates, balance of payments, fiscal indicators, trade for countries and country groups (aggregates), and commodity prices whose data are reported by the IMF. Data are available from 1980 to the present, and projections are given for the next two years. Additionally, medium-term projections are available for selected indicators. For some countries, data are incomplete or unavailable for certain years.",,IMF,RES,datahelp@imf.org,H00,"C53,F32,F21_IIP,F34,H00,E10,E10_GDP,F10,WEO",,"Demographics, Real sector, Price indexes, Gross domestic product, National accounts, Labor markets, Unemployment, International trade, Export prices, Import prices, International reserves, Monetary aggregates, Consumer prices, Exchange rates, External position, Financial account, Balance of payments, Capital account, Current account, External debt, International investment position, Public sector and general government, Debt service, Fiscal account",EN,2026-04-14T13:00:00Z,2026-04-15T13:00:00Z,European System of Accounts (ESA) 2010,"Gross debt follows the Maastricht definition of gross debt, and excludes other accounts payable. Historical data source: Eurostat.",PUBLIC_OPEN,,PUB,,IMF staff calculations.,,© International Monetary Fund Copyright. All Rights Reserved. https://www.imf.org/external/terms.htm,"International Monetary Fund. World Economic Outlook (WEO), https://data.imf.org/en/datasets/IMF.RES:WEO. Accessed on [current date].",,"Gross debt, General government, Percent of GDP",2025,Ministry of Finance or Treasury,,January/December,,Spain: Figures for 2021–28 reflect disbursements of grants and loans under the EU Recovery and Resilience Facility.,Accrual,,,Central Government; State Government; Local Government; Social Security Funds,Nominal value,Currency and Deposits; Loans; Securities Other than Shares,,Euro
IMF.RES:WEO_2026_APR_VINTAGE(1.0.0),ESP,GGXWDG_NGDP,A,2024,101.647813,0,,3,,,,G63G,,,,,S13,,,,,,,PT,,,OL,3/26/2026,,"The World Economic Outlook (WEO) database contains selected macroeconomic data series from the statistical appendix of the World Economic Outlook report, which presents the IMF staff's analysis and projections of economic developments at the global level, in major country groups and in many individual countries. The WEO is released in April and September/October each year. Use this database to find data on national accounts, gross domestic product (GDP), inflation, unemployment rates, balance of payments, fiscal indicators, trade for countries and country groups (aggregates), and commodity prices whose data are reported by the IMF. Data are available from 1980 to the present, and projections are given for the next two years. Additionally, medium-term projections are available for selected indicators. For some countries, data are incomplete or unavailable for certain years.",,IMF,RES,datahelp@imf.org,H00,"C53,F32,F21_IIP,F34,H00,E10,E10_GDP,F10,WEO",,"Demographics, Real sector, Price indexes, Gross domestic product, National accounts, Labor markets, Unemployment, International trade, Export prices, Import prices, International reserves, Monetary aggregates, Consumer prices, Exchange rates, External position, Financial account, Balance of payments, Capital account, Current account, External debt, International investment position, Public sector and general government, Debt service, Fiscal account",EN,2026-04-14T13:00:00Z,2026-04-15T13:00:00Z,European System of Accounts (ESA) 2010,"Gross debt follows the Maastricht definition of gross debt, and excludes other accounts payable. Historical data source: Eurostat.",PUBLIC_OPEN,,PUB,,IMF staff calculations.,,© International Monetary Fund Copyright. All Rights Reserved. https://www.imf.org/external/terms.htm,"International Monetary Fund. World Economic Outlook (WEO), https://data.imf.org/en/datasets/IMF.RES:WEO. Accessed on [current date].",,"Gross debt, General government, Percent of GDP",2025,Ministry of Finance or Treasury,,January/December,,Spain: Figures for 2021–28 reflect disbursements of grants and loans under the EU Recovery and Resilience Facility.,Accrual,,,Central Government; State Government; Local Government; Social Security Funds,Nominal value,Currency and Deposits; Loans; Securities Other than Shares,,Euro
IMF.RES:WEO_2026_APR_VINTAGE(1.0.0),ESP,GGXWDG_NGDP,A,2025,100.432593,0,,3,,,,G63G,,,,,S13,,,,,,,PT,,,OL,3/26/2026,,"The World Economic Outlook (WEO) database contains selected macroeconomic data series from the statistical appendix of the World Economic Outlook report, which presents the IMF staff's analysis and projections of economic developments at the global level, in major country groups and in many individual countries. The WEO is released in April and September/October each year. Use this database to find data on national accounts, gross domestic product (GDP), inflation, unemployment rates, balance of payments, fiscal indicators, trade for countries and country groups (aggregates), and commodity prices whose data are reported by the IMF. Data are available from 1980 to the present, and projections are given for the next two years. Additionally, medium-term projections are available for selected indicators. For some countries, data are incomplete or unavailable for certain years.",,IMF,RES,datahelp@imf.org,H00,"C53,F32,F21_IIP,F34,H00,E10,E10_GDP,F10,WEO",,"Demographics, Real sector, Price indexes, Gross domestic product, National accounts, Labor markets, Unemployment, International trade, Export prices, Import prices, International reserves, Monetary aggregates, Consumer prices, Exchange rates, External position, Financial account, Balance of payments, Capital account, Current account, External debt, International investment position, Public sector and general government, Debt service, Fiscal account",EN,2026-04-14T13:00:00Z,2026-04-15T13:00:00Z,European System of Accounts (ESA) 2010,"Gross debt follows the Maastricht definition of gross debt, and excludes other accounts payable. Historical data source: Eurostat.",PUBLIC_OPEN,,PUB,,IMF staff calculations.,,© International Monetary Fund Copyright. All Rights Reserved. https://www.imf.org/external/terms.htm,"International Monetary Fund. World Economic Outlook (WEO), https://data.imf.org/en/datasets/IMF.RES:WEO. Accessed on [current date].",,"Gross debt, General government, Percent of GDP",2025,Ministry of Finance or Treasury,,January/December,,Spain: Figures for 2021–28 reflect disbursements of grants and loans under the EU Recovery and Resilience Facility.,Accrual,,,Central Government; State Government; Local Government; Social Security Funds,Nominal value,Currency and Deposits; Loans; Securities Other than Shares,,Euro
IMF.RES:WEO_2026_APR_VINTAGE(1.0.0),ESP,GGXWDG_NGDP,A,2026,98.173408,0,,3,,,,G63G,,,,,S13,,,,,,,PT,,,OL,3/26/2026,,"The World Economic Outlook (WEO) database contains selected macroeconomic data series from the statistical appendix of the World Economic Outlook report, which presents the IMF staff's analysis and projections of economic developments at the global level, in major country groups and in many individual countries. The WEO is released in April and September/October each year. Use this database to find data on national accounts, gross domestic product (GDP), inflation, unemployment rates, balance of payments, fiscal indicators, trade for countries and country groups (aggregates), and commodity prices whose data are reported by the IMF. Data are available from 1980 to the present, and projections are given for the next two years. Additionally, medium-term projections are available for selected indicators. For some countries, data are incomplete or unavailable for certain years.",,IMF,RES,datahelp@imf.org,H00,"C53,F32,F21_IIP,F34,H00,E10,E10_GDP,F10,WEO",,"Demographics, Real sector, Price indexes, Gross domestic product, National accounts, Labor markets, Unemployment, International trade, Export prices, Import prices, International reserves, Monetary aggregates, Consumer prices, Exchange rates, External position, Financial account, Balance of payments, Capital account, Current account, External debt, International investment position, Public sector and general government, Debt service, Fiscal account",EN,2026-04-14T13:00:00Z,2026-04-15T13:00:00Z,European System of Accounts (ESA) 2010,"Gross debt follows the Maastricht definition of gross debt, and excludes other accounts payable. Historical data source: Eurostat.",PUBLIC_OPEN,,PUB,,IMF staff calculations.,,© International Monetary Fund Copyright. All Rights Reserved. https://www.imf.org/external/terms.htm,"International Monetary Fund. World Economic Outlook (WEO), https://data.imf.org/en/datasets/IMF.RES:WEO. Accessed on [current date].",,"Gross debt, General government, Percent of GDP",2025,Ministry of Finance or Treasury,,January/December,,Spain: Figures for 2021–28 reflect disbursements of grants and loans under the EU Recovery and Resilience Facility.,Accrual,,,Central Government; State Government; Local Government; Social Security Funds,Nominal value,Currency and Deposits; Loans; Securities Other than Shares,,Euro
IMF.RES:WEO_2026_APR_VINTAGE(1.0.0),ESP,GGXWDG_NGDP,A,2027,96.188526,0,,3,,,,G63G,,,,,S13,,,,,,,PT,,,OL,3/26/2026,,"The World Economic Outlook (WEO) database contains selected macroeconomic data series from the statistical appendix of the World Economic Outlook report, which presents the IMF staff's analysis and projections of economic developments at the global level, in major country groups and in many individual countries. The WEO is released in April and September/October each year. Use this database to find data on national accounts, gross domestic product (GDP), inflation, unemployment rates, balance of payments, fiscal indicators, trade for countries and country groups (aggregates), and commodity prices whose data are reported by the IMF. Data are available from 1980 to the present, and projections are given for the next two years. Additionally, medium-term projections are available for selected indicators. For some countries, data are incomplete or unavailable for certain years.",,IMF,RES,datahelp@imf.org,H00,"C53,F32,F21_IIP,F34,H00,E10,E10_GDP,F10,WEO",,"Demographics, Real sector, Price indexes, Gross domestic product, National accounts, Labor markets, Unemployment, International trade, Export prices, Import prices, International reserves, Monetary aggregates, Consumer prices, Exchange rates, External position, Financial account, Balance of payments, Capital account, Current account, External debt, International investment position, Public sector and general government, Debt service, Fiscal account",EN,2026-04-14T13:00:00Z,2026-04-15T13:00:00Z,European System of Accounts (ESA) 2010,"Gross debt follows the Maastricht definition of gross debt, and excludes other accounts payable. Historical data source: Eurostat.",PUBLIC_OPEN,,PUB,,IMF staff calculations.,,© International Monetary Fund Copyright. All Rights Reserved. https://www.imf.org/external/terms.htm,"International Monetary Fund. World Economic Outlook (WEO), https://data.imf.org/en/datasets/IMF.RES:WEO. Accessed on [current date].",,"Gross debt, General government, Percent of GDP",2025,Ministry of Finance or Treasury,,January/December,,Spain: Figures for 2021–28 reflect disbursements of grants and loans under the EU Recovery and Resilience Facility.,Accrual,,,Central Government; State Government; Local Government; Social Security Funds,Nominal value,Currency and Deposits; Loans; Securities Other than Shares,,Euro
IMF.RES:WEO_2026_APR_VINTAGE(1.0.0),ESP,GGXWDG_NGDP,A,2028,94.209623,0,,3,,,,G63G,,,,,S13,,,,,,,PT,,,OL,3/26/2026,,"The World Economic Outlook (WEO) database contains selected macroeconomic data series from the statistical appendix of the World Economic Outlook report, which presents the IMF staff's analysis and projections of economic developments at the global level, in major country groups and in many individual countries. The WEO is released in April and September/October each year. Use this database to find data on national accounts, gross domestic product (GDP), inflation, unemployment rates, balance of payments, fiscal indicators, trade for countries and country groups (aggregates), and commodity prices whose data are reported by the IMF. Data are available from 1980 to the present, and projections are given for the next two years. Additionally, medium-term projections are available for selected indicators. For some countries, data are incomplete or unavailable for certain years.",,IMF,RES,datahelp@imf.org,H00,"C53,F32,F21_IIP,F34,H00,E10,E10_GDP,F10,WEO",,"Demographics, Real sector, Price indexes, Gross domestic product, National accounts, Labor markets, Unemployment, International trade, Export prices, Import prices, International reserves, Monetary aggregates, Consumer prices, Exchange rates, External position, Financial account, Balance of payments, Capital account, Current account, External debt, International investment position, Public sector and general government, Debt service, Fiscal account",EN,2026-04-14T13:00:00Z,2026-04-15T13:00:00Z,European System of Accounts (ESA) 2010,"Gross debt follows the Maastricht definition of gross debt, and excludes other accounts payable. Historical data source: Eurostat.",PUBLIC_OPEN,,PUB,,IMF staff calculations.,,© International Monetary Fund Copyright. All Rights Reserved. https://www.imf.org/external/terms.htm,"International Monetary Fund. World Economic Outlook (WEO), https://data.imf.org/en/datasets/IMF.RES:WEO. Accessed on [current date].",,"Gross debt, General government, Percent of GDP",2025,Ministry of Finance or Treasury,,January/December,,Spain: Figures for 2021–28 reflect disbursements of grants and loans under the EU Recovery and Resilience Facility.,Accrual,,,Central Government; State Government; Local Government; Social Security Funds,Nominal value,Currency and Deposits; Loans; Securities Other than Shares,,Euro
IMF.RES:WEO_2026_APR_VINTAGE(1.0.0),ESP,GGXWDG_NGDP,A,2029,92.942602,0,,3,,,,G63G,,,,,S13,,,,,,,PT,,,OL,3/26/2026,,"The World Economic Outlook (WEO) database contains selected macroeconomic data series from the statistical appendix of the World Economic Outlook report, which presents the IMF staff's analysis and projections of economic developments at the global level, in major country groups and in many individual countries. The WEO is released in April and September/October each year. Use this database to find data on national accounts, gross domestic product (GDP), inflation, unemployment rates, balance of payments, fiscal indicators, trade for countries and country groups (aggregates), and commodity prices whose data are reported by the IMF. Data are available from 1980 to the present, and projections are given for the next two years. Additionally, medium-term projections are available for selected indicators. For some countries, data are incomplete or unavailable for certain years.",,IMF,RES,datahelp@imf.org,H00,"C53,F32,F21_IIP,F34,H00,E10,E10_GDP,F10,WEO",,"Demographics, Real sector, Price indexes, Gross domestic product, National accounts, Labor markets, Unemployment, International trade, Export prices, Import prices, International reserves, Monetary aggregates, Consumer prices, Exchange rates, External position, Financial account, Balance of payments, Capital account, Current account, External debt, International investment position, Public sector and general government, Debt service, Fiscal account",EN,2026-04-14T13:00:00Z,2026-04-15T13:00:00Z,European System of Accounts (ESA) 2010,"Gross debt follows the Maastricht definition of gross debt, and excludes other accounts payable. Historical data source: Eurostat.",PUBLIC_OPEN,,PUB,,IMF staff calculations.,,© International Monetary Fund Copyright. All Rights Reserved. https://www.imf.org/external/terms.htm,"International Monetary Fund. World Economic Outlook (WEO), https://data.imf.org/en/datasets/IMF.RES:WEO. Accessed on [current date].",,"Gross debt, General government, Percent of GDP",2025,Ministry of Finance or Treasury,,January/December,,Spain: Figures for 2021–28 reflect disbursements of grants and loans under the EU Recovery and Resilience Facility.,Accrual,,,Central Government; State Government; Local Government; Social Security Funds,Nominal value,Currency and Deposits; Loans; Securities Other than Shares,,Euro
IMF.RES:WEO_2026_APR_VINTAGE(1.0.0),ESP,GGXWDG_NGDP,A,2030,91.668287,0,,3,,,,G63G,,,,,S13,,,,,,,PT,,,OL,3/26/2026,,"The World Economic Outlook (WEO) database contains selected macroeconomic data series from the statistical appendix of the World Economic Outlook report, which presents the IMF staff's analysis and projections of economic developments at the global level, in major country groups and in many individual countries. The WEO is released in April and September/October each year. Use this database to find data on national accounts, gross domestic product (GDP), inflation, unemployment rates, balance of payments, fiscal indicators, trade for countries and country groups (aggregates), and commodity prices whose data are reported by the IMF. Data are available from 1980 to the present, and projections are given for the next two years. Additionally, medium-term projections are available for selected indicators. For some countries, data are incomplete or unavailable for certain years.",,IMF,RES,datahelp@imf.org,H00,"C53,F32,F21_IIP,F34,H00,E10,E10_GDP,F10,WEO",,"Demographics, Real sector, Price indexes, Gross domestic product, National accounts, Labor markets, Unemployment, International trade, Export prices, Import prices, International reserves, Monetary aggregates, Consumer prices, Exchange rates, External position, Financial account, Balance of payments, Capital account, Current account, External debt, International investment position, Public sector and general government, Debt service, Fiscal account",EN,2026-04-14T13:00:00Z,2026-04-15T13:00:00Z,European System of Accounts (ESA) 2010,"Gross debt follows the Maastricht definition of gross debt, and excludes other accounts payable. Historical data source: Eurostat.",PUBLIC_OPEN,,PUB,,IMF staff calculations.,,© International Monetary Fund Copyright. All Rights Reserved. https://www.imf.org/external/terms.htm,"International Monetary Fund. World Economic Outlook (WEO), https://data.imf.org/en/datasets/IMF.RES:WEO. Accessed on [current date].",,"Gross debt, General government, Percent of GDP",2025,Ministry of Finance or Treasury,,January/December,,Spain: Figures for 2021–28 reflect disbursements of grants and loans under the EU Recovery and Resilience Facility.,Accrual,,,Central Government; State Government; Local Government; Social Security Funds,Nominal value,Currency and Deposits; Loans; Securities Other than Shares,,Euro
IMF.RES:WEO_2026_APR_VINTAGE(1.0.0),ESP,GGXWDG_NGDP,A,2031,90.443169,0,,3,,,,G63G,,,,,S13,,,,,,,PT,,,OL,3/26/2026,,"The World Economic Outlook (WEO) database contains selected macroeconomic data series from the statistical appendix of the World Economic Outlook report, which presents the IMF staff's analysis and projections of economic developments at the global level, in major country groups and in many individual countries. The WEO is released in April and September/October each year. Use this database to find data on national accounts, gross domestic product (GDP), inflation, unemployment rates, balance of payments, fiscal indicators, trade for countries and country groups (aggregates), and commodity prices whose data are reported by the IMF. Data are available from 1980 to the present, and projections are given for the next two years. Additionally, medium-term projections are available for selected indicators. For some countries, data are incomplete or unavailable for certain years.",,IMF,RES,datahelp@imf.org,H00,"C53,F32,F21_IIP,F34,H00,E10,E10_GDP,F10,WEO",,"Demographics, Real sector, Price indexes, Gross domestic product, National accounts, Labor markets, Unemployment, International trade, Export prices, Import prices, International reserves, Monetary aggregates, Consumer prices, Exchange rates, External position, Financial account, Balance of payments, Capital account, Current account, External debt, International investment position, Public sector and general government, Debt service, Fiscal account",EN,2026-04-14T13:00:00Z,2026-04-15T13:00:00Z,European System of Accounts (ESA) 2010,"Gross debt follows the Maastricht definition of gross debt, and excludes other accounts payable. Historical data source: Eurostat.",PUBLIC_OPEN,,PUB,,IMF staff calculations.,,© International Monetary Fund Copyright. All Rights Reserved. https://www.imf.org/external/terms.htm,"International Monetary Fund. World Economic Outlook (WEO), https://data.imf.org/en/datasets/IMF.RES:WEO. Accessed on [current date].",,"Gross debt, General government, Percent of GDP",2025,Ministry of Finance or Treasury,,January/December,,Spain: Figures for 2021–28 reflect disbursements of grants and loans under the EU Recovery and Resilience Facility.,Accrual,,,Central Government; State Government; Local Government; Social Security Funds,Nominal value,Currency and Deposits; Loans; Securities Other than Shares,,Euro
IMF.RES:WEO_2026_APR_VINTAGE(1.0.0),ESP,GGX_NGDP,A,2015,43.682804,0,,3,,,,G2M,,,,,S13,,,,,,,PT,,,OL,3/26/2026,,"The World Economic Outlook (WEO) database contains selected macroeconomic data series from the statistical appendix of the World Economic Outlook report, which presents the IMF staff's analysis and projections of economic developments at the global level, in major country groups and in many individual countries. The WEO is released in April and September/October each year. Use this database to find data on national accounts, gross domestic product (GDP), inflation, unemployment rates, balance of payments, fiscal indicators, trade for countries and country groups (aggregates), and commodity prices whose data are reported by the IMF. Data are available from 1980 to the present, and projections are given for the next two years. Additionally, medium-term projections are available for selected indicators. For some countries, data are incomplete or unavailable for certain years.",,IMF,RES,datahelp@imf.org,H00,"C53,F32,F21_IIP,F34,H00,E10,E10_GDP,F10,WEO",,"Demographics, Real sector, Price indexes, Gross domestic product, National accounts, Labor markets, Unemployment, International trade, Export prices, Import prices, International reserves, Monetary aggregates, Consumer prices, Exchange rates, External position, Financial account, Balance of payments, Capital account, Current account, External debt, International investment position, Public sector and general government, Debt service, Fiscal account",EN,2026-04-14T13:00:00Z,2026-04-15T13:00:00Z,European System of Accounts (ESA) 2010,"Gross debt follows the Maastricht definition of gross debt, and excludes other accounts payable. Historical data source: Eurostat.",PUBLIC_OPEN,,PUB,,IMF staff calculations.,,© International Monetary Fund Copyright. All Rights Reserved. https://www.imf.org/external/terms.htm,"International Monetary Fund. World Economic Outlook (WEO), https://data.imf.org/en/datasets/IMF.RES:WEO. Accessed on [current date].",,"Expenditure, General government, Percent of GDP",2025,Ministry of Finance or Treasury,,January/December,,Spain: Figures for 2021–28 reflect disbursements of grants and loans under the EU Recovery and Resilience Facility.,Accrual,,,Central Government; State Government; Local Government; Social Security Funds,Nominal value,Currency and Deposits; Loans; Securities Other than Shares,,Euro
IMF.RES:WEO_2026_APR_VINTAGE(1.0.0),ESP,GGX_NGDP,A,2016,42.139083,0,,3,,,,G2M,,,,,S13,,,,,,,PT,,,OL,3/26/2026,,"The World Economic Outlook (WEO) database contains selected macroeconomic data series from the statistical appendix of the World Economic Outlook report, which presents the IMF staff's analysis and projections of economic developments at the global level, in major country groups and in many individual countries. The WEO is released in April and September/October each year. Use this database to find data on national accounts, gross domestic product (GDP), inflation, unemployment rates, balance of payments, fiscal indicators, trade for countries and country groups (aggregates), and commodity prices whose data are reported by the IMF. Data are available from 1980 to the present, and projections are given for the next two years. Additionally, medium-term projections are available for selected indicators. For some countries, data are incomplete or unavailable for certain years.",,IMF,RES,datahelp@imf.org,H00,"C53,F32,F21_IIP,F34,H00,E10,E10_GDP,F10,WEO",,"Demographics, Real sector, Price indexes, Gross domestic product, National accounts, Labor markets, Unemployment, International trade, Export prices, Import prices, International reserves, Monetary aggregates, Consumer prices, Exchange rates, External position, Financial account, Balance of payments, Capital account, Current account, External debt, International investment position, Public sector and general government, Debt service, Fiscal account",EN,2026-04-14T13:00:00Z,2026-04-15T13:00:00Z,European System of Accounts (ESA) 2010,"Gross debt follows the Maastricht definition of gross debt, and excludes other accounts payable. Historical data source: Eurostat.",PUBLIC_OPEN,,PUB,,IMF staff calculations.,,© International Monetary Fund Copyright. All Rights Reserved. https://www.imf.org/external/terms.htm,"International Monetary Fund. World Economic Outlook (WEO), https://data.imf.org/en/datasets/IMF.RES:WEO. Accessed on [current date].",,"Expenditure, General government, Percent of GDP",2025,Ministry of Finance or Treasury,,January/December,,Spain: Figures for 2021–28 reflect disbursements of grants and loans under the EU Recovery and Resilience Facility.,Accrual,,,Central Government; State Government; Local Government; Social Security Funds,Nominal value,Currency and Deposits; Loans; Securities Other than Shares,,Euro
IMF.RES:WEO_2026_APR_VINTAGE(1.0.0),ESP,GGX_NGDP,A,2017,41.047449,0,,3,,,,G2M,,,,,S13,,,,,,,PT,,,OL,3/26/2026,,"The World Economic Outlook (WEO) database contains selected macroeconomic data series from the statistical appendix of the World Economic Outlook report, which presents the IMF staff's analysis and projections of economic developments at the global level, in major country groups and in many individual countries. The WEO is released in April and September/October each year. Use this database to find data on national accounts, gross domestic product (GDP), inflation, unemployment rates, balance of payments, fiscal indicators, trade for countries and country groups (aggregates), and commodity prices whose data are reported by the IMF. Data are available from 1980 to the present, and projections are given for the next two years. Additionally, medium-term projections are available for selected indicators. For some countries, data are incomplete or unavailable for certain years.",,IMF,RES,datahelp@imf.org,H00,"C53,F32,F21_IIP,F34,H00,E10,E10_GDP,F10,WEO",,"Demographics, Real sector, Price indexes, Gross domestic product, National accounts, Labor markets, Unemployment, International trade, Export prices, Import prices, International reserves, Monetary aggregates, Consumer prices, Exchange rates, External position, Financial account, Balance of payments, Capital account, Current account, External debt, International investment position, Public sector and general government, Debt service, Fiscal account",EN,2026-04-14T13:00:00Z,2026-04-15T13:00:00Z,European System of Accounts (ESA) 2010,"Gross debt follows the Maastricht definition of gross debt, and excludes other accounts payable. Historical data source: Eurostat.",PUBLIC_OPEN,,PUB,,IMF staff calculations.,,© International Monetary Fund Copyright. All Rights Reserved. https://www.imf.org/external/terms.htm,"International Monetary Fund. World Economic Outlook (WEO), https://data.imf.org/en/datasets/IMF.RES:WEO. Accessed on [current date].",,"Expenditure, General government, Percent of GDP",2025,Ministry of Finance or Treasury,,January/December,,Spain: Figures for 2021–28 reflect disbursements of grants and loans under the EU Recovery and Resilience Facility.,Accrual,,,Central Government; State Government; Local Government; Social Security Funds,Nominal value,Currency and Deposits; Loans; Securities Other than Shares,,Euro
IMF.RES:WEO_2026_APR_VINTAGE(1.0.0),ESP,GGX_NGDP,A,2018,41.522228,0,,3,,,,G2M,,,,,S13,,,,,,,PT,,,OL,3/26/2026,,"The World Economic Outlook (WEO) database contains selected macroeconomic data series from the statistical appendix of the World Economic Outlook report, which presents the IMF staff's analysis and projections of economic developments at the global level, in major country groups and in many individual countries. The WEO is released in April and September/October each year. Use this database to find data on national accounts, gross domestic product (GDP), inflation, unemployment rates, balance of payments, fiscal indicators, trade for countries and country groups (aggregates), and commodity prices whose data are reported by the IMF. Data are available from 1980 to the present, and projections are given for the next two years. Additionally, medium-term projections are available for selected indicators. For some countries, data are incomplete or unavailable for certain years.",,IMF,RES,datahelp@imf.org,H00,"C53,F32,F21_IIP,F34,H00,E10,E10_GDP,F10,WEO",,"Demographics, Real sector, Price indexes, Gross domestic product, National accounts, Labor markets, Unemployment, International trade, Export prices, Import prices, International reserves, Monetary aggregates, Consumer prices, Exchange rates, External position, Financial account, Balance of payments, Capital account, Current account, External debt, International investment position, Public sector and general government, Debt service, Fiscal account",EN,2026-04-14T13:00:00Z,2026-04-15T13:00:00Z,European System of Accounts (ESA) 2010,"Gross debt follows the Maastricht definition of gross debt, and excludes other accounts payable. Historical data source: Eurostat.",PUBLIC_OPEN,,PUB,,IMF staff calculations.,,© International Monetary Fund Copyright. All Rights Reserved. https://www.imf.org/external/terms.htm,"International Monetary Fund. World Economic Outlook (WEO), https://data.imf.org/en/datasets/IMF.RES:WEO. Accessed on [current date].",,"Expenditure, General government, Percent of GDP",2025,Ministry of Finance or Treasury,,January/December,,Spain: Figures for 2021–28 reflect disbursements of grants and loans under the EU Recovery and Resilience Facility.,Accrual,,,Central Government; State Government; Local Government; Social Security Funds,Nominal value,Currency and Deposits; Loans; Securities Other than Shares,,Euro
IMF.RES:WEO_2026_APR_VINTAGE(1.0.0),ESP,GGX_NGDP,A,2019,42.007482,0,,3,,,,G2M,,,,,S13,,,,,,,PT,,,OL,3/26/2026,,"The World Economic Outlook (WEO) database contains selected macroeconomic data series from the statistical appendix of the World Economic Outlook report, which presents the IMF staff's analysis and projections of economic developments at the global level, in major country groups and in many individual countries. The WEO is released in April and September/October each year. Use this database to find data on national accounts, gross domestic product (GDP), inflation, unemployment rates, balance of payments, fiscal indicators, trade for countries and country groups (aggregates), and commodity prices whose data are reported by the IMF. Data are available from 1980 to the present, and projections are given for the next two years. Additionally, medium-term projections are available for selected indicators. For some countries, data are incomplete or unavailable for certain years.",,IMF,RES,datahelp@imf.org,H00,"C53,F32,F21_IIP,F34,H00,E10,E10_GDP,F10,WEO",,"Demographics, Real sector, Price indexes, Gross domestic product, National accounts, Labor markets, Unemployment, International trade, Export prices, Import prices, International reserves, Monetary aggregates, Consumer prices, Exchange rates, External position, Financial account, Balance of payments, Capital account, Current account, External debt, International investment position, Public sector and general government, Debt service, Fiscal account",EN,2026-04-14T13:00:00Z,2026-04-15T13:00:00Z,European System of Accounts (ESA) 2010,"Gross debt follows the Maastricht definition of gross debt, and excludes other accounts payable. Historical data source: Eurostat.",PUBLIC_OPEN,,PUB,,IMF staff calculations.,,© International Monetary Fund Copyright. All Rights Reserved. https://www.imf.org/external/terms.htm,"International Monetary Fund. World Economic Outlook (WEO), https://data.imf.org/en/datasets/IMF.RES:WEO. Accessed on [current date].",,"Expenditure, General government, Percent of GDP",2025,Ministry of Finance or Treasury,,January/December,,Spain: Figures for 2021–28 reflect disbursements of grants and loans under the EU Recovery and Resilience Facility.,Accrual,,,Central Government; State Government; Local Government; Social Security Funds,Nominal value,Currency and Deposits; Loans; Securities Other than Shares,,Euro
IMF.RES:WEO_2026_APR_VINTAGE(1.0.0),ESP,GGX_NGDP,A,2020,51.431438,0,,3,,,,G2M,,,,,S13,,,,,,,PT,,,OL,3/26/2026,,"The World Economic Outlook (WEO) database contains selected macroeconomic data series from the statistical appendix of the World Economic Outlook report, which presents the IMF staff's analysis and projections of economic developments at the global level, in major country groups and in many individual countries. The WEO is released in April and September/October each year. Use this database to find data on national accounts, gross domestic product (GDP), inflation, unemployment rates, balance of payments, fiscal indicators, trade for countries and country groups (aggregates), and commodity prices whose data are reported by the IMF. Data are available from 1980 to the present, and projections are given for the next two years. Additionally, medium-term projections are available for selected indicators. For some countries, data are incomplete or unavailable for certain years.",,IMF,RES,datahelp@imf.org,H00,"C53,F32,F21_IIP,F34,H00,E10,E10_GDP,F10,WEO",,"Demographics, Real sector, Price indexes, Gross domestic product, National accounts, Labor markets, Unemployment, International trade, Export prices, Import prices, International reserves, Monetary aggregates, Consumer prices, Exchange rates, External position, Financial account, Balance of payments, Capital account, Current account, External debt, International investment position, Public sector and general government, Debt service, Fiscal account",EN,2026-04-14T13:00:00Z,2026-04-15T13:00:00Z,European System of Accounts (ESA) 2010,"Gross debt follows the Maastricht definition of gross debt, and excludes other accounts payable. Historical data source: Eurostat.",PUBLIC_OPEN,,PUB,,IMF staff calculations.,,© International Monetary Fund Copyright. All Rights Reserved. https://www.imf.org/external/terms.htm,"International Monetary Fund. World Economic Outlook (WEO), https://data.imf.org/en/datasets/IMF.RES:WEO. Accessed on [current date].",,"Expenditure, General government, Percent of GDP",2025,Ministry of Finance or Treasury,,January/December,,Spain: Figures for 2021–28 reflect disbursements of grants and loans under the EU Recovery and Resilience Facility.,Accrual,,,Central Government; State Government; Local Government; Social Security Funds,Nominal value,Currency and Deposits; Loans; Securities Other than Shares,,Euro
IMF.RES:WEO_2026_APR_VINTAGE(1.0.0),ESP,GGX_NGDP,A,2021,49.492745,0,,3,,,,G2M,,,,,S13,,,,,,,PT,,,OL,3/26/2026,,"The World Economic Outlook (WEO) database contains selected macroeconomic data series from the statistical appendix of the World Economic Outlook report, which presents the IMF staff's analysis and projections of economic developments at the global level, in major country groups and in many individual countries. The WEO is released in April and September/October each year. Use this database to find data on national accounts, gross domestic product (GDP), inflation, unemployment rates, balance of payments, fiscal indicators, trade for countries and country groups (aggregates), and commodity prices whose data are reported by the IMF. Data are available from 1980 to the present, and projections are given for the next two years. Additionally, medium-term projections are available for selected indicators. For some countries, data are incomplete or unavailable for certain years.",,IMF,RES,datahelp@imf.org,H00,"C53,F32,F21_IIP,F34,H00,E10,E10_GDP,F10,WEO",,"Demographics, Real sector, Price indexes, Gross domestic product, National accounts, Labor markets, Unemployment, International trade, Export prices, Import prices, International reserves, Monetary aggregates, Consumer prices, Exchange rates, External position, Financial account, Balance of payments, Capital account, Current account, External debt, International investment position, Public sector and general government, Debt service, Fiscal account",EN,2026-04-14T13:00:00Z,2026-04-15T13:00:00Z,European System of Accounts (ESA) 2010,"Gross debt follows the Maastricht definition of gross debt, and excludes other accounts payable. Historical data source: Eurostat.",PUBLIC_OPEN,,PUB,,IMF staff calculations.,,© International Monetary Fund Copyright. All Rights Reserved. https://www.imf.org/external/terms.htm,"International Monetary Fund. World Economic Outlook (WEO), https://data.imf.org/en/datasets/IMF.RES:WEO. Accessed on [current date].",,"Expenditure, General government, Percent of GDP",2025,Ministry of Finance or Treasury,,January/December,,Spain: Figures for 2021–28 reflect disbursements of grants and loans under the EU Recovery and Resilience Facility.,Accrual,,,Central Government; State Government; Local Government; Social Security Funds,Nominal value,Currency and Deposits; Loans; Securities Other than Shares,,Euro
IMF.RES:WEO_2026_APR_VINTAGE(1.0.0),ESP,GGX_NGDP,A,2022,46.306718,0,,3,,,,G2M,,,,,S13,,,,,,,PT,,,OL,3/26/2026,,"The World Economic Outlook (WEO) database contains selected macroeconomic data series from the statistical appendix of the World Economic Outlook report, which presents the IMF staff's analysis and projections of economic developments at the global level, in major country groups and in many individual countries. The WEO is released in April and September/October each year. Use this database to find data on national accounts, gross domestic product (GDP), inflation, unemployment rates, balance of payments, fiscal indicators, trade for countries and country groups (aggregates), and commodity prices whose data are reported by the IMF. Data are available from 1980 to the present, and projections are given for the next two years. Additionally, medium-term projections are available for selected indicators. For some countries, data are incomplete or unavailable for certain years.",,IMF,RES,datahelp@imf.org,H00,"C53,F32,F21_IIP,F34,H00,E10,E10_GDP,F10,WEO",,"Demographics, Real sector, Price indexes, Gross domestic product, National accounts, Labor markets, Unemployment, International trade, Export prices, Import prices, International reserves, Monetary aggregates, Consumer prices, Exchange rates, External position, Financial account, Balance of payments, Capital account, Current account, External debt, International investment position, Public sector and general government, Debt service, Fiscal account",EN,2026-04-14T13:00:00Z,2026-04-15T13:00:00Z,European System of Accounts (ESA) 2010,"Gross debt follows the Maastricht definition of gross debt, and excludes other accounts payable. Historical data source: Eurostat.",PUBLIC_OPEN,,PUB,,IMF staff calculations.,,© International Monetary Fund Copyright. All Rights Reserved. https://www.imf.org/external/terms.htm,"International Monetary Fund. World Economic Outlook (WEO), https://data.imf.org/en/datasets/IMF.RES:WEO. Accessed on [current date].",,"Expenditure, General government, Percent of GDP",2025,Ministry of Finance or Treasury,,January/December,,Spain: Figures for 2021–28 reflect disbursements of grants and loans under the EU Recovery and Resilience Facility.,Accrual,,,Central Government; State Government; Local Government; Social Security Funds,Nominal value,Currency and Deposits; Loans; Securities Other than Shares,,Euro
IMF.RES:WEO_2026_APR_VINTAGE(1.0.0),ESP,GGX_NGDP,A,2023,45.416124,0,,3,,,,G2M,,,,,S13,,,,,,,PT,,,OL,3/26/2026,,"The World Economic Outlook (WEO) database contains selected macroeconomic data series from the statistical appendix of the World Economic Outlook report, which presents the IMF staff's analysis and projections of economic developments at the global level, in major country groups and in many individual countries. The WEO is released in April and September/October each year. Use this database to find data on national accounts, gross domestic product (GDP), inflation, unemployment rates, balance of payments, fiscal indicators, trade for countries and country groups (aggregates), and commodity prices whose data are reported by the IMF. Data are available from 1980 to the present, and projections are given for the next two years. Additionally, medium-term projections are available for selected indicators. For some countries, data are incomplete or unavailable for certain years.",,IMF,RES,datahelp@imf.org,H00,"C53,F32,F21_IIP,F34,H00,E10,E10_GDP,F10,WEO",,"Demographics, Real sector, Price indexes, Gross domestic product, National accounts, Labor markets, Unemployment, International trade, Export prices, Import prices, International reserves, Monetary aggregates, Consumer prices, Exchange rates, External position, Financial account, Balance of payments, Capital account, Current account, External debt, International investment position, Public sector and general government, Debt service, Fiscal account",EN,2026-04-14T13:00:00Z,2026-04-15T13:00:00Z,European System of Accounts (ESA) 2010,"Gross debt follows the Maastricht definition of gross debt, and excludes other accounts payable. Historical data source: Eurostat.",PUBLIC_OPEN,,PUB,,IMF staff calculations.,,© International Monetary Fund Copyright. All Rights Reserved. https://www.imf.org/external/terms.htm,"International Monetary Fund. World Economic Outlook (WEO), https://data.imf.org/en/datasets/IMF.RES:WEO. Accessed on [current date].",,"Expenditure, General government, Percent of GDP",2025,Ministry of Finance or Treasury,,January/December,,Spain: Figures for 2021–28 reflect disbursements of grants and loans under the EU Recovery and Resilience Facility.,Accrual,,,Central Government; State Government; Local Government; Social Security Funds,Nominal value,Currency and Deposits; Loans; Securities Other than Shares,,Euro
IMF.RES:WEO_2026_APR_VINTAGE(1.0.0),ESP,GGX_NGDP,A,2024,45.47371,0,,3,,,,G2M,,,,,S13,,,,,,,PT,,,OL,3/26/2026,,"The World Economic Outlook (WEO) database contains selected macroeconomic data series from the statistical appendix of the World Economic Outlook report, which presents the IMF staff's analysis and projections of economic developments at the global level, in major country groups and in many individual countries. The WEO is released in April and September/October each year. Use this database to find data on national accounts, gross domestic product (GDP), inflation, unemployment rates, balance of payments, fiscal indicators, trade for countries and country groups (aggregates), and commodity prices whose data are reported by the IMF. Data are available from 1980 to the present, and projections are given for the next two years. Additionally, medium-term projections are available for selected indicators. For some countries, data are incomplete or unavailable for certain years.",,IMF,RES,datahelp@imf.org,H00,"C53,F32,F21_IIP,F34,H00,E10,E10_GDP,F10,WEO",,"Demographics, Real sector, Price indexes, Gross domestic product, National accounts, Labor markets, Unemployment, International trade, Export prices, Import prices, International reserves, Monetary aggregates, Consumer prices, Exchange rates, External position, Financial account, Balance of payments, Capital account, Current account, External debt, International investment position, Public sector and general government, Debt service, Fiscal account",EN,2026-04-14T13:00:00Z,2026-04-15T13:00:00Z,European System of Accounts (ESA) 2010,"Gross debt follows the Maastricht definition of gross debt, and excludes other accounts payable. Historical data source: Eurostat.",PUBLIC_OPEN,,PUB,,IMF staff calculations.,,© International Monetary Fund Copyright. All Rights Reserved. https://www.imf.org/external/terms.htm,"International Monetary Fund. World Economic Outlook (WEO), https://data.imf.org/en/datasets/IMF.RES:WEO. Accessed on [current date].",,"Expenditure, General government, Percent of GDP",2025,Ministry of Finance or Treasury,,January/December,,Spain: Figures for 2021–28 reflect disbursements of grants and loans under the EU Recovery and Resilience Facility.,Accrual,,,Central Government; State Government; Local Government; Social Security Funds,Nominal value,Currency and Deposits; Loans; Securities Other than Shares,,Euro
IMF.RES:WEO_2026_APR_VINTAGE(1.0.0),ESP,GGX_NGDP,A,2025,44.697289,0,,3,,,,G2M,,,,,S13,,,,,,,PT,,,OL,3/26/2026,,"The World Economic Outlook (WEO) database contains selected macroeconomic data series from the statistical appendix of the World Economic Outlook report, which presents the IMF staff's analysis and projections of economic developments at the global level, in major country groups and in many individual countries. The WEO is released in April and September/October each year. Use this database to find data on national accounts, gross domestic product (GDP), inflation, unemployment rates, balance of payments, fiscal indicators, trade for countries and country groups (aggregates), and commodity prices whose data are reported by the IMF. Data are available from 1980 to the present, and projections are given for the next two years. Additionally, medium-term projections are available for selected indicators. For some countries, data are incomplete or unavailable for certain years.",,IMF,RES,datahelp@imf.org,H00,"C53,F32,F21_IIP,F34,H00,E10,E10_GDP,F10,WEO",,"Demographics, Real sector, Price indexes, Gross domestic product, National accounts, Labor markets, Unemployment, International trade, Export prices, Import prices, International reserves, Monetary aggregates, Consumer prices, Exchange rates, External position, Financial account, Balance of payments, Capital account, Current account, External debt, International investment position, Public sector and general government, Debt service, Fiscal account",EN,2026-04-14T13:00:00Z,2026-04-15T13:00:00Z,European System of Accounts (ESA) 2010,"Gross debt follows the Maastricht definition of gross debt, and excludes other accounts payable. Historical data source: Eurostat.",PUBLIC_OPEN,,PUB,,IMF staff calculations.,,© International Monetary Fund Copyright. All Rights Reserved. https://www.imf.org/external/terms.htm,"International Monetary Fund. World Economic Outlook (WEO), https://data.imf.org/en/datasets/IMF.RES:WEO. Accessed on [current date].",,"Expenditure, General government, Percent of GDP",2025,Ministry of Finance or Treasury,,January/December,,Spain: Figures for 2021–28 reflect disbursements of grants and loans under the EU Recovery and Resilience Facility.,Accrual,,,Central Government; State Government; Local Government; Social Security Funds,Nominal value,Currency and Deposits; Loans; Securities Other than Shares,,Euro
IMF.RES:WEO_2026_APR_VINTAGE(1.0.0),ESP,GGX_NGDP,A,2026,45.294937,0,,3,,,,G2M,,,,,S13,,,,,,,PT,,,OL,3/26/2026,,"The World Economic Outlook (WEO) database contains selected macroeconomic data series from the statistical appendix of the World Economic Outlook report, which presents the IMF staff's analysis and projections of economic developments at the global level, in major country groups and in many individual countries. The WEO is released in April and September/October each year. Use this database to find data on national accounts, gross domestic product (GDP), inflation, unemployment rates, balance of payments, fiscal indicators, trade for countries and country groups (aggregates), and commodity prices whose data are reported by the IMF. Data are available from 1980 to the present, and projections are given for the next two years. Additionally, medium-term projections are available for selected indicators. For some countries, data are incomplete or unavailable for certain years.",,IMF,RES,datahelp@imf.org,H00,"C53,F32,F21_IIP,F34,H00,E10,E10_GDP,F10,WEO",,"Demographics, Real sector, Price indexes, Gross domestic product, National accounts, Labor markets, Unemployment, International trade, Export prices, Import prices, International reserves, Monetary aggregates, Consumer prices, Exchange rates, External position, Financial account, Balance of payments, Capital account, Current account, External debt, International investment position, Public sector and general government, Debt service, Fiscal account",EN,2026-04-14T13:00:00Z,2026-04-15T13:00:00Z,European System of Accounts (ESA) 2010,"Gross debt follows the Maastricht definition of gross debt, and excludes other accounts payable. Historical data source: Eurostat.",PUBLIC_OPEN,,PUB,,IMF staff calculations.,,© International Monetary Fund Copyright. All Rights Reserved. https://www.imf.org/external/terms.htm,"International Monetary Fund. World Economic Outlook (WEO), https://data.imf.org/en/datasets/IMF.RES:WEO. Accessed on [current date].",,"Expenditure, General government, Percent of GDP",2025,Ministry of Finance or Treasury,,January/December,,Spain: Figures for 2021–28 reflect disbursements of grants and loans under the EU Recovery and Resilience Facility.,Accrual,,,Central Government; State Government; Local Government; Social Security Funds,Nominal value,Currency and Deposits; Loans; Securities Other than Shares,,Euro
IMF.RES:WEO_2026_APR_VINTAGE(1.0.0),ESP,GGX_NGDP,A,2027,45.414426,0,,3,,,,G2M,,,,,S13,,,,,,,PT,,,OL,3/26/2026,,"The World Economic Outlook (WEO) database contains selected macroeconomic data series from the statistical appendix of the World Economic Outlook report, which presents the IMF staff's analysis and projections of economic developments at the global level, in major country groups and in many individual countries. The WEO is released in April and September/October each year. Use this database to find data on national accounts, gross domestic product (GDP), inflation, unemployment rates, balance of payments, fiscal indicators, trade for countries and country groups (aggregates), and commodity prices whose data are reported by the IMF. Data are available from 1980 to the present, and projections are given for the next two years. Additionally, medium-term projections are available for selected indicators. For some countries, data are incomplete or unavailable for certain years.",,IMF,RES,datahelp@imf.org,H00,"C53,F32,F21_IIP,F34,H00,E10,E10_GDP,F10,WEO",,"Demographics, Real sector, Price indexes, Gross domestic product, National accounts, Labor markets, Unemployment, International trade, Export prices, Import prices, International reserves, Monetary aggregates, Consumer prices, Exchange rates, External position, Financial account, Balance of payments, Capital account, Current account, External debt, International investment position, Public sector and general government, Debt service, Fiscal account",EN,2026-04-14T13:00:00Z,2026-04-15T13:00:00Z,European System of Accounts (ESA) 2010,"Gross debt follows the Maastricht definition of gross debt, and excludes other accounts payable. Historical data source: Eurostat.",PUBLIC_OPEN,,PUB,,IMF staff calculations.,,© International Monetary Fund Copyright. All Rights Reserved. https://www.imf.org/external/terms.htm,"International Monetary Fund. World Economic Outlook (WEO), https://data.imf.org/en/datasets/IMF.RES:WEO. Accessed on [current date].",,"Expenditure, General government, Percent of GDP",2025,Ministry of Finance or Treasury,,January/December,,Spain: Figures for 2021–28 reflect disbursements of grants and loans under the EU Recovery and Resilience Facility.,Accrual,,,Central Government; State Government; Local Government; Social Security Funds,Nominal value,Currency and Deposits; Loans; Securities Other than Shares,,Euro
IMF.RES:WEO_2026_APR_VINTAGE(1.0.0),ESP,GGX_NGDP,A,2028,44.992548,0,,3,,,,G2M,,,,,S13,,,,,,,PT,,,OL,3/26/2026,,"The World Economic Outlook (WEO) database contains selected macroeconomic data series from the statistical appendix of the World Economic Outlook report, which presents the IMF staff's analysis and projections of economic developments at the global level, in major country groups and in many individual countries. The WEO is released in April and September/October each year. Use this database to find data on national accounts, gross domestic product (GDP), inflation, unemployment rates, balance of payments, fiscal indicators, trade for countries and country groups (aggregates), and commodity prices whose data are reported by the IMF. Data are available from 1980 to the present, and projections are given for the next two years. Additionally, medium-term projections are available for selected indicators. For some countries, data are incomplete or unavailable for certain years.",,IMF,RES,datahelp@imf.org,H00,"C53,F32,F21_IIP,F34,H00,E10,E10_GDP,F10,WEO",,"Demographics, Real sector, Price indexes, Gross domestic product, National accounts, Labor markets, Unemployment, International trade, Export prices, Import prices, International reserves, Monetary aggregates, Consumer prices, Exchange rates, External position, Financial account, Balance of payments, Capital account, Current account, External debt, International investment position, Public sector and general government, Debt service, Fiscal account",EN,2026-04-14T13:00:00Z,2026-04-15T13:00:00Z,European System of Accounts (ESA) 2010,"Gross debt follows the Maastricht definition of gross debt, and excludes other accounts payable. Historical data source: Eurostat.",PUBLIC_OPEN,,PUB,,IMF staff calculations.,,© International Monetary Fund Copyright. All Rights Reserved. https://www.imf.org/external/terms.htm,"International Monetary Fund. World Economic Outlook (WEO), https://data.imf.org/en/datasets/IMF.RES:WEO. Accessed on [current date].",,"Expenditure, General government, Percent of GDP",2025,Ministry of Finance or Treasury,,January/December,,Spain: Figures for 2021–28 reflect disbursements of grants and loans under the EU Recovery and Resilience Facility.,Accrual,,,Central Government; State Government; Local Government; Social Security Funds,Nominal value,Currency and Deposits; Loans; Securities Other than Shares,,Euro
IMF.RES:WEO_2026_APR_VINTAGE(1.0.0),ESP,GGX_NGDP,A,2029,45.266879,0,,3,,,,G2M,,,,,S13,,,,,,,PT,,,OL,3/26/2026,,"The World Economic Outlook (WEO) database contains selected macroeconomic data series from the statistical appendix of the World Economic Outlook report, which presents the IMF staff's analysis and projections of economic developments at the global level, in major country groups and in many individual countries. The WEO is released in April and September/October each year. Use this database to find data on national accounts, gross domestic product (GDP), inflation, unemployment rates, balance of payments, fiscal indicators, trade for countries and country groups (aggregates), and commodity prices whose data are reported by the IMF. Data are available from 1980 to the present, and projections are given for the next two years. Additionally, medium-term projections are available for selected indicators. For some countries, data are incomplete or unavailable for certain years.",,IMF,RES,datahelp@imf.org,H00,"C53,F32,F21_IIP,F34,H00,E10,E10_GDP,F10,WEO",,"Demographics, Real sector, Price indexes, Gross domestic product, National accounts, Labor markets, Unemployment, International trade, Export prices, Import prices, International reserves, Monetary aggregates, Consumer prices, Exchange rates, External position, Financial account, Balance of payments, Capital account, Current account, External debt, International investment position, Public sector and general government, Debt service, Fiscal account",EN,2026-04-14T13:00:00Z,2026-04-15T13:00:00Z,European System of Accounts (ESA) 2010,"Gross debt follows the Maastricht definition of gross debt, and excludes other accounts payable. Historical data source: Eurostat.",PUBLIC_OPEN,,PUB,,IMF staff calculations.,,© International Monetary Fund Copyright. All Rights Reserved. https://www.imf.org/external/terms.htm,"International Monetary Fund. World Economic Outlook (WEO), https://data.imf.org/en/datasets/IMF.RES:WEO. Accessed on [current date].",,"Expenditure, General government, Percent of GDP",2025,Ministry of Finance or Treasury,,January/December,,Spain: Figures for 2021–28 reflect disbursements of grants and loans under the EU Recovery and Resilience Facility.,Accrual,,,Central Government; State Government; Local Government; Social Security Funds,Nominal value,Currency and Deposits; Loans; Securities Other than Shares,,Euro
IMF.RES:WEO_2026_APR_VINTAGE(1.0.0),ESP,GGX_NGDP,A,2030,45.422071,0,,3,,,,G2M,,,,,S13,,,,,,,PT,,,OL,3/26/2026,,"The World Economic Outlook (WEO) database contains selected macroeconomic data series from the statistical appendix of the World Economic Outlook report, which presents the IMF staff's analysis and projections of economic developments at the global level, in major country groups and in many individual countries. The WEO is released in April and September/October each year. Use this database to find data on national accounts, gross domestic product (GDP), inflation, unemployment rates, balance of payments, fiscal indicators, trade for countries and country groups (aggregates), and commodity prices whose data are reported by the IMF. Data are available from 1980 to the present, and projections are given for the next two years. Additionally, medium-term projections are available for selected indicators. For some countries, data are incomplete or unavailable for certain years.",,IMF,RES,datahelp@imf.org,H00,"C53,F32,F21_IIP,F34,H00,E10,E10_GDP,F10,WEO",,"Demographics, Real sector, Price indexes, Gross domestic product, National accounts, Labor markets, Unemployment, International trade, Export prices, Import prices, International reserves, Monetary aggregates, Consumer prices, Exchange rates, External position, Financial account, Balance of payments, Capital account, Current account, External debt, International investment position, Public sector and general government, Debt service, Fiscal account",EN,2026-04-14T13:00:00Z,2026-04-15T13:00:00Z,European System of Accounts (ESA) 2010,"Gross debt follows the Maastricht definition of gross debt, and excludes other accounts payable. Historical data source: Eurostat.",PUBLIC_OPEN,,PUB,,IMF staff calculations.,,© International Monetary Fund Copyright. All Rights Reserved. https://www.imf.org/external/terms.htm,"International Monetary Fund. World Economic Outlook (WEO), https://data.imf.org/en/datasets/IMF.RES:WEO. Accessed on [current date].",,"Expenditure, General government, Percent of GDP",2025,Ministry of Finance or Treasury,,January/December,,Spain: Figures for 2021–28 reflect disbursements of grants and loans under the EU Recovery and Resilience Facility.,Accrual,,,Central Government; State Government; Local Government; Social Security Funds,Nominal value,Currency and Deposits; Loans; Securities Other than Shares,,Euro
IMF.RES:WEO_2026_APR_VINTAGE(1.0.0),ESP,GGX_NGDP,A,2031,45.518859,0,,3,,,,G2M,,,,,S13,,,,,,,PT,,,OL,3/26/2026,,"The World Economic Outlook (WEO) database contains selected macroeconomic data series from the statistical appendix of the World Economic Outlook report, which presents the IMF staff's analysis and projections of economic developments at the global level, in major country groups and in many individual countries. The WEO is released in April and September/October each year. Use this database to find data on national accounts, gross domestic product (GDP), inflation, unemployment rates, balance of payments, fiscal indicators, trade for countries and country groups (aggregates), and commodity prices whose data are reported by the IMF. Data are available from 1980 to the present, and projections are given for the next two years. Additionally, medium-term projections are available for selected indicators. For some countries, data are incomplete or unavailable for certain years.",,IMF,RES,datahelp@imf.org,H00,"C53,F32,F21_IIP,F34,H00,E10,E10_GDP,F10,WEO",,"Demographics, Real sector, Price indexes, Gross domestic product, National accounts, Labor markets, Unemployment, International trade, Export prices, Import prices, International reserves, Monetary aggregates, Consumer prices, Exchange rates, External position, Financial account, Balance of payments, Capital account, Current account, External debt, International investment position, Public sector and general government, Debt service, Fiscal account",EN,2026-04-14T13:00:00Z,2026-04-15T13:00:00Z,European System of Accounts (ESA) 2010,"Gross debt follows the Maastricht definition of gross debt, and excludes other accounts payable. Historical data source: Eurostat.",PUBLIC_OPEN,,PUB,,IMF staff calculations.,,© International Monetary Fund Copyright. All Rights Reserved. https://www.imf.org/external/terms.htm,"International Monetary Fund. World Economic Outlook (WEO), https://data.imf.org/en/datasets/IMF.RES:WEO. Accessed on [current date].",,"Expenditure, General government, Percent of GDP",2025,Ministry of Finance or Treasury,,January/December,,Spain: Figures for 2021–28 reflect disbursements of grants and loans under the EU Recovery and Resilience Facility.,Accrual,,,Central Government; State Government; Local Government; Social Security Funds,Nominal value,Currency and Deposits; Loans; Securities Other than Shares,,Euro
IMF.RES:WEO_2026_APR_VINTAGE(1.0.0),ESP,NGDP_RPCH,A,2015,4.060829,0,,3,,,B1GQ,,,,,,,,,Q,,,,PT,,,OL,3/26/2026,,"The World Economic Outlook (WEO) database contains selected macroeconomic data series from the statistical appendix of the World Economic Outlook report, which presents the IMF staff's analysis and projections of economic developments at the global level, in major country groups and in many individual countries. The WEO is released in April and September/October each year. Use this database to find data on national accounts, gross domestic product (GDP), inflation, unemployment rates, balance of payments, fiscal indicators, trade for countries and country groups (aggregates), and commodity prices whose data are reported by the IMF. Data are available from 1980 to the present, and projections are given for the next two years. Additionally, medium-term projections are available for selected indicators. For some countries, data are incomplete or unavailable for certain years.",,IMF,RES,datahelp@imf.org,E10_GDP,"C53,F32,F21_IIP,F34,H00,E10,E10_GDP,F10,WEO",Real GDP,"Demographics, Real sector, Price indexes, Gross domestic product, National accounts, Labor markets, Unemployment, International trade, Export prices, Import prices, International reserves, Monetary aggregates, Consumer prices, Exchange rates, External position, Financial account, Balance of payments, Capital account, Current account, External debt, International investment position, Public sector and general government, Debt service, Fiscal account",EN,2026-04-14T13:00:00Z,2026-04-15T13:00:00Z,European System of Accounts (ESA) 2010,Chain-weighted and converted to market prices,PUBLIC_OPEN,,PUB,,IMF staff calculations.,,© International Monetary Fund Copyright. All Rights Reserved. https://www.imf.org/external/terms.htm,"International Monetary Fund. World Economic Outlook (WEO), https://data.imf.org/en/datasets/IMF.RES:WEO. Accessed on [current date].",true,"Gross domestic product (GDP), Constant prices, Percent change",2025,National Statistics Office,2020,January/December,"Yes, from 1995",,,,,,,,,Euro
IMF.RES:WEO_2026_APR_VINTAGE(1.0.0),ESP,NGDP_RPCH,A,2016,2.915188,0,,3,,,B1GQ,,,,,,,,,Q,,,,PT,,,OL,3/26/2026,,"The World Economic Outlook (WEO) database contains selected macroeconomic data series from the statistical appendix of the World Economic Outlook report, which presents the IMF staff's analysis and projections of economic developments at the global level, in major country groups and in many individual countries. The WEO is released in April and September/October each year. Use this database to find data on national accounts, gross domestic product (GDP), inflation, unemployment rates, balance of payments, fiscal indicators, trade for countries and country groups (aggregates), and commodity prices whose data are reported by the IMF. Data are available from 1980 to the present, and projections are given for the next two years. Additionally, medium-term projections are available for selected indicators. For some countries, data are incomplete or unavailable for certain years.",,IMF,RES,datahelp@imf.org,E10_GDP,"C53,F32,F21_IIP,F34,H00,E10,E10_GDP,F10,WEO",Real GDP,"Demographics, Real sector, Price indexes, Gross domestic product, National accounts, Labor markets, Unemployment, International trade, Export prices, Import prices, International reserves, Monetary aggregates, Consumer prices, Exchange rates, External position, Financial account, Balance of payments, Capital account, Current account, External debt, International investment position, Public sector and general government, Debt service, Fiscal account",EN,2026-04-14T13:00:00Z,2026-04-15T13:00:00Z,European System of Accounts (ESA) 2010,Chain-weighted and converted to market prices,PUBLIC_OPEN,,PUB,,IMF staff calculations.,,© International Monetary Fund Copyright. All Rights Reserved. https://www.imf.org/external/terms.htm,"International Monetary Fund. World Economic Outlook (WEO), https://data.imf.org/en/datasets/IMF.RES:WEO. Accessed on [current date].",true,"Gross domestic product (GDP), Constant prices, Percent change",2025,National Statistics Office,2020,January/December,"Yes, from 1995",,,,,,,,,Euro
IMF.RES:WEO_2026_APR_VINTAGE(1.0.0),ESP,NGDP_RPCH,A,2017,2.896069,0,,3,,,B1GQ,,,,,,,,,Q,,,,PT,,,OL,3/26/2026,,"The World Economic Outlook (WEO) database contains selected macroeconomic data series from the statistical appendix of the World Economic Outlook report, which presents the IMF staff's analysis and projections of economic developments at the global level, in major country groups and in many individual countries. The WEO is released in April and September/October each year. Use this database to find data on national accounts, gross domestic product (GDP), inflation, unemployment rates, balance of payments, fiscal indicators, trade for countries and country groups (aggregates), and commodity prices whose data are reported by the IMF. Data are available from 1980 to the present, and projections are given for the next two years. Additionally, medium-term projections are available for selected indicators. For some countries, data are incomplete or unavailable for certain years.",,IMF,RES,datahelp@imf.org,E10_GDP,"C53,F32,F21_IIP,F34,H00,E10,E10_GDP,F10,WEO",Real GDP,"Demographics, Real sector, Price indexes, Gross domestic product, National accounts, Labor markets, Unemployment, International trade, Export prices, Import prices, International reserves, Monetary aggregates, Consumer prices, Exchange rates, External position, Financial account, Balance of payments, Capital account, Current account, External debt, International investment position, Public sector and general government, Debt service, Fiscal account",EN,2026-04-14T13:00:00Z,2026-04-15T13:00:00Z,European System of Accounts (ESA) 2010,Chain-weighted and converted to market prices,PUBLIC_OPEN,,PUB,,IMF staff calculations.,,© International Monetary Fund Copyright. All Rights Reserved. https://www.imf.org/external/terms.htm,"International Monetary Fund. World Economic Outlook (WEO), https://data.imf.org/en/datasets/IMF.RES:WEO. Accessed on [current date].",true,"Gross domestic product (GDP), Constant prices, Percent change",2025,National Statistics Office,2020,January/December,"Yes, from 1995",,,,,,,,,Euro
IMF.RES:WEO_2026_APR_VINTAGE(1.0.0),ESP,NGDP_RPCH,A,2018,2.395418,0,,3,,,B1GQ,,,,,,,,,Q,,,,PT,,,OL,3/26/2026,,"The World Economic Outlook (WEO) database contains selected macroeconomic data series from the statistical appendix of the World Economic Outlook report, which presents the IMF staff's analysis and projections of economic developments at the global level, in major country groups and in many individual countries. The WEO is released in April and September/October each year. Use this database to find data on national accounts, gross domestic product (GDP), inflation, unemployment rates, balance of payments, fiscal indicators, trade for countries and country groups (aggregates), and commodity prices whose data are reported by the IMF. Data are available from 1980 to the present, and projections are given for the next two years. Additionally, medium-term projections are available for selected indicators. For some countries, data are incomplete or unavailable for certain years.",,IMF,RES,datahelp@imf.org,E10_GDP,"C53,F32,F21_IIP,F34,H00,E10,E10_GDP,F10,WEO",Real GDP,"Demographics, Real sector, Price indexes, Gross domestic product, National accounts, Labor markets, Unemployment, International trade, Export prices, Import prices, International reserves, Monetary aggregates, Consumer prices, Exchange rates, External position, Financial account, Balance of payments, Capital account, Current account, External debt, International investment position, Public sector and general government, Debt service, Fiscal account",EN,2026-04-14T13:00:00Z,2026-04-15T13:00:00Z,European System of Accounts (ESA) 2010,Chain-weighted and converted to market prices,PUBLIC_OPEN,,PUB,,IMF staff calculations.,,© International Monetary Fund Copyright. All Rights Reserved. https://www.imf.org/external/terms.htm,"International Monetary Fund. World Economic Outlook (WEO), https://data.imf.org/en/datasets/IMF.RES:WEO. Accessed on [current date].",true,"Gross domestic product (GDP), Constant prices, Percent change",2025,National Statistics Office,2020,January/December,"Yes, from 1995",,,,,,,,,Euro
IMF.RES:WEO_2026_APR_VINTAGE(1.0.0),ESP,NGDP_RPCH,A,2019,1.961172,0,,3,,,B1GQ,,,,,,,,,Q,,,,PT,,,OL,3/26/2026,,"The World Economic Outlook (WEO) database contains selected macroeconomic data series from the statistical appendix of the World Economic Outlook report, which presents the IMF staff's analysis and projections of economic developments at the global level, in major country groups and in many individual countries. The WEO is released in April and September/October each year. Use this database to find data on national accounts, gross domestic product (GDP), inflation, unemployment rates, balance of payments, fiscal indicators, trade for countries and country groups (aggregates), and commodity prices whose data are reported by the IMF. Data are available from 1980 to the present, and projections are given for the next two years. Additionally, medium-term projections are available for selected indicators. For some countries, data are incomplete or unavailable for certain years.",,IMF,RES,datahelp@imf.org,E10_GDP,"C53,F32,F21_IIP,F34,H00,E10,E10_GDP,F10,WEO",Real GDP,"Demographics, Real sector, Price indexes, Gross domestic product, National accounts, Labor markets, Unemployment, International trade, Export prices, Import prices, International reserves, Monetary aggregates, Consumer prices, Exchange rates, External position, Financial account, Balance of payments, Capital account, Current account, External debt, International investment position, Public sector and general government, Debt service, Fiscal account",EN,2026-04-14T13:00:00Z,2026-04-15T13:00:00Z,European System of Accounts (ESA) 2010,Chain-weighted and converted to market prices,PUBLIC_OPEN,,PUB,,IMF staff calculations.,,© International Monetary Fund Copyright. All Rights Reserved. https://www.imf.org/external/terms.htm,"International Monetary Fund. World Economic Outlook (WEO), https://data.imf.org/en/datasets/IMF.RES:WEO. Accessed on [current date].",true,"Gross domestic product (GDP), Constant prices, Percent change",2025,National Statistics Office,2020,January/December,"Yes, from 1995",,,,,,,,,Euro
IMF.RES:WEO_2026_APR_VINTAGE(1.0.0),ESP,NGDP_RPCH,A,2020,-10.940077,0,,3,,,B1GQ,,,,,,,,,Q,,,,PT,,,OL,3/26/2026,,"The World Economic Outlook (WEO) database contains selected macroeconomic data series from the statistical appendix of the World Economic Outlook report, which presents the IMF staff's analysis and projections of economic developments at the global level, in major country groups and in many individual countries. The WEO is released in April and September/October each year. Use this database to find data on national accounts, gross domestic product (GDP), inflation, unemployment rates, balance of payments, fiscal indicators, trade for countries and country groups (aggregates), and commodity prices whose data are reported by the IMF. Data are available from 1980 to the present, and projections are given for the next two years. Additionally, medium-term projections are available for selected indicators. For some countries, data are incomplete or unavailable for certain years.",,IMF,RES,datahelp@imf.org,E10_GDP,"C53,F32,F21_IIP,F34,H00,E10,E10_GDP,F10,WEO",Real GDP,"Demographics, Real sector, Price indexes, Gross domestic product, National accounts, Labor markets, Unemployment, International trade, Export prices, Import prices, International reserves, Monetary aggregates, Consumer prices, Exchange rates, External position, Financial account, Balance of payments, Capital account, Current account, External debt, International investment position, Public sector and general government, Debt service, Fiscal account",EN,2026-04-14T13:00:00Z,2026-04-15T13:00:00Z,European System of Accounts (ESA) 2010,Chain-weighted and converted to market prices,PUBLIC_OPEN,,PUB,,IMF staff calculations.,,© International Monetary Fund Copyright. All Rights Reserved. https://www.imf.org/external/terms.htm,"International Monetary Fund. World Economic Outlook (WEO), https://data.imf.org/en/datasets/IMF.RES:WEO. Accessed on [current date].",true,"Gross domestic product (GDP), Constant prices, Percent change",2025,National Statistics Office,2020,January/December,"Yes, from 1995",,,,,,,,,Euro
IMF.RES:WEO_2026_APR_VINTAGE(1.0.0),ESP,NGDP_RPCH,A,2021,6.683151,0,,3,,,B1GQ,,,,,,,,,Q,,,,PT,,,OL,3/26/2026,,"The World Economic Outlook (WEO) database contains selected macroeconomic data series from the statistical appendix of the World Economic Outlook report, which presents the IMF staff's analysis and projections of economic developments at the global level, in major country groups and in many individual countries. The WEO is released in April and September/October each year. Use this database to find data on national accounts, gross domestic product (GDP), inflation, unemployment rates, balance of payments, fiscal indicators, trade for countries and country groups (aggregates), and commodity prices whose data are reported by the IMF. Data are available from 1980 to the present, and projections are given for the next two years. Additionally, medium-term projections are available for selected indicators. For some countries, data are incomplete or unavailable for certain years.",,IMF,RES,datahelp@imf.org,E10_GDP,"C53,F32,F21_IIP,F34,H00,E10,E10_GDP,F10,WEO",Real GDP,"Demographics, Real sector, Price indexes, Gross domestic product, National accounts, Labor markets, Unemployment, International trade, Export prices, Import prices, International reserves, Monetary aggregates, Consumer prices, Exchange rates, External position, Financial account, Balance of payments, Capital account, Current account, External debt, International investment position, Public sector and general government, Debt service, Fiscal account",EN,2026-04-14T13:00:00Z,2026-04-15T13:00:00Z,European System of Accounts (ESA) 2010,Chain-weighted and converted to market prices,PUBLIC_OPEN,,PUB,,IMF staff calculations.,,© International Monetary Fund Copyright. All Rights Reserved. https://www.imf.org/external/terms.htm,"International Monetary Fund. World Economic Outlook (WEO), https://data.imf.org/en/datasets/IMF.RES:WEO. Accessed on [current date].",true,"Gross domestic product (GDP), Constant prices, Percent change",2025,National Statistics Office,2020,January/December,"Yes, from 1995",,,,,,,,,Euro
IMF.RES:WEO_2026_APR_VINTAGE(1.0.0),ESP,NGDP_RPCH,A,2022,6.370335,0,,3,,,B1GQ,,,,,,,,,Q,,,,PT,,,OL,3/26/2026,,"The World Economic Outlook (WEO) database contains selected macroeconomic data series from the statistical appendix of the World Economic Outlook report, which presents the IMF staff's analysis and projections of economic developments at the global level, in major country groups and in many individual countries. The WEO is released in April and September/October each year. Use this database to find data on national accounts, gross domestic product (GDP), inflation, unemployment rates, balance of payments, fiscal indicators, trade for countries and country groups (aggregates), and commodity prices whose data are reported by the IMF. Data are available from 1980 to the present, and projections are given for the next two years. Additionally, medium-term projections are available for selected indicators. For some countries, data are incomplete or unavailable for certain years.",,IMF,RES,datahelp@imf.org,E10_GDP,"C53,F32,F21_IIP,F34,H00,E10,E10_GDP,F10,WEO",Real GDP,"Demographics, Real sector, Price indexes, Gross domestic product, National accounts, Labor markets, Unemployment, International trade, Export prices, Import prices, International reserves, Monetary aggregates, Consumer prices, Exchange rates, External position, Financial account, Balance of payments, Capital account, Current account, External debt, International investment position, Public sector and general government, Debt service, Fiscal account",EN,2026-04-14T13:00:00Z,2026-04-15T13:00:00Z,European System of Accounts (ESA) 2010,Chain-weighted and converted to market prices,PUBLIC_OPEN,,PUB,,IMF staff calculations.,,© International Monetary Fund Copyright. All Rights Reserved. https://www.imf.org/external/terms.htm,"International Monetary Fund. World Economic Outlook (WEO), https://data.imf.org/en/datasets/IMF.RES:WEO. Accessed on [current date].",true,"Gross domestic product (GDP), Constant prices, Percent change",2025,National Statistics Office,2020,January/December,"Yes, from 1995",,,,,,,,,Euro
IMF.RES:WEO_2026_APR_VINTAGE(1.0.0),ESP,NGDP_RPCH,A,2023,2.460892,0,,3,,,B1GQ,,,,,,,,,Q,,,,PT,,,OL,3/26/2026,,"The World Economic Outlook (WEO) database contains selected macroeconomic data series from the statistical appendix of the World Economic Outlook report, which presents the IMF staff's analysis and projections of economic developments at the global level, in major country groups and in many individual countries. The WEO is released in April and September/October each year. Use this database to find data on national accounts, gross domestic product (GDP), inflation, unemployment rates, balance of payments, fiscal indicators, trade for countries and country groups (aggregates), and commodity prices whose data are reported by the IMF. Data are available from 1980 to the present, and projections are given for the next two years. Additionally, medium-term projections are available for selected indicators. For some countries, data are incomplete or unavailable for certain years.",,IMF,RES,datahelp@imf.org,E10_GDP,"C53,F32,F21_IIP,F34,H00,E10,E10_GDP,F10,WEO",Real GDP,"Demographics, Real sector, Price indexes, Gross domestic product, National accounts, Labor markets, Unemployment, International trade, Export prices, Import prices, International reserves, Monetary aggregates, Consumer prices, Exchange rates, External position, Financial account, Balance of payments, Capital account, Current account, External debt, International investment position, Public sector and general government, Debt service, Fiscal account",EN,2026-04-14T13:00:00Z,2026-04-15T13:00:00Z,European System of Accounts (ESA) 2010,Chain-weighted and converted to market prices,PUBLIC_OPEN,,PUB,,IMF staff calculations.,,© International Monetary Fund Copyright. All Rights Reserved. https://www.imf.org/external/terms.htm,"International Monetary Fund. World Economic Outlook (WEO), https://data.imf.org/en/datasets/IMF.RES:WEO. Accessed on [current date].",true,"Gross domestic product (GDP), Constant prices, Percent change",2025,National Statistics Office,2020,January/December,"Yes, from 1995",,,,,,,,,Euro
IMF.RES:WEO_2026_APR_VINTAGE(1.0.0),ESP,NGDP_RPCH,A,2024,3.455179,0,,3,,,B1GQ,,,,,,,,,Q,,,,PT,,,OL,3/26/2026,,"The World Economic Outlook (WEO) database contains selected macroeconomic data series from the statistical appendix of the World Economic Outlook report, which presents the IMF staff's analysis and projections of economic developments at the global level, in major country groups and in many individual countries. The WEO is released in April and September/October each year. Use this database to find data on national accounts, gross domestic product (GDP), inflation, unemployment rates, balance of payments, fiscal indicators, trade for countries and country groups (aggregates), and commodity prices whose data are reported by the IMF. Data are available from 1980 to the present, and projections are given for the next two years. Additionally, medium-term projections are available for selected indicators. For some countries, data are incomplete or unavailable for certain years.",,IMF,RES,datahelp@imf.org,E10_GDP,"C53,F32,F21_IIP,F34,H00,E10,E10_GDP,F10,WEO",Real GDP,"Demographics, Real sector, Price indexes, Gross domestic product, National accounts, Labor markets, Unemployment, International trade, Export prices, Import prices, International reserves, Monetary aggregates, Consumer prices, Exchange rates, External position, Financial account, Balance of payments, Capital account, Current account, External debt, International investment position, Public sector and general government, Debt service, Fiscal account",EN,2026-04-14T13:00:00Z,2026-04-15T13:00:00Z,European System of Accounts (ESA) 2010,Chain-weighted and converted to market prices,PUBLIC_OPEN,,PUB,,IMF staff calculations.,,© International Monetary Fund Copyright. All Rights Reserved. https://www.imf.org/external/terms.htm,"International Monetary Fund. World Economic Outlook (WEO), https://data.imf.org/en/datasets/IMF.RES:WEO. Accessed on [current date].",true,"Gross domestic product (GDP), Constant prices, Percent change",2025,National Statistics Office,2020,January/December,"Yes, from 1995",,,,,,,,,Euro
IMF.RES:WEO_2026_APR_VINTAGE(1.0.0),ESP,NGDP_RPCH,A,2025,2.765751,0,,3,,,B1GQ,,,,,,,,,Q,,,,PT,,,OL,3/26/2026,,"The World Economic Outlook (WEO) database contains selected macroeconomic data series from the statistical appendix of the World Economic Outlook report, which presents the IMF staff's analysis and projections of economic developments at the global level, in major country groups and in many individual countries. The WEO is released in April and September/October each year. Use this database to find data on national accounts, gross domestic product (GDP), inflation, unemployment rates, balance of payments, fiscal indicators, trade for countries and country groups (aggregates), and commodity prices whose data are reported by the IMF. Data are available from 1980 to the present, and projections are given for the next two years. Additionally, medium-term projections are available for selected indicators. For some countries, data are incomplete or unavailable for certain years.",,IMF,RES,datahelp@imf.org,E10_GDP,"C53,F32,F21_IIP,F34,H00,E10,E10_GDP,F10,WEO",Real GDP,"Demographics, Real sector, Price indexes, Gross domestic product, National accounts, Labor markets, Unemployment, International trade, Export prices, Import prices, International reserves, Monetary aggregates, Consumer prices, Exchange rates, External position, Financial account, Balance of payments, Capital account, Current account, External debt, International investment position, Public sector and general government, Debt service, Fiscal account",EN,2026-04-14T13:00:00Z,2026-04-15T13:00:00Z,European System of Accounts (ESA) 2010,Chain-weighted and converted to market prices,PUBLIC_OPEN,,PUB,,IMF staff calculations.,,© International Monetary Fund Copyright. All Rights Reserved. https://www.imf.org/external/terms.htm,"International Monetary Fund. World Economic Outlook (WEO), https://data.imf.org/en/datasets/IMF.RES:WEO. Accessed on [current date].",true,"Gross domestic product (GDP), Constant prices, Percent change",2025,National Statistics Office,2020,January/December,"Yes, from 1995",,,,,,,,,Euro
IMF.RES:WEO_2026_APR_VINTAGE(1.0.0),ESP,NGDP_RPCH,A,2026,2.089681,0,,3,,,B1GQ,,,,,,,,,Q,,,,PT,,,OL,3/26/2026,,"The World Economic Outlook (WEO) database contains selected macroeconomic data series from the statistical appendix of the World Economic Outlook report, which presents the IMF staff's analysis and projections of economic developments at the global level, in major country groups and in many individual countries. The WEO is released in April and September/October each year. Use this database to find data on national accounts, gross domestic product (GDP), inflation, unemployment rates, balance of payments, fiscal indicators, trade for countries and country groups (aggregates), and commodity prices whose data are reported by the IMF. Data are available from 1980 to the present, and projections are given for the next two years. Additionally, medium-term projections are available for selected indicators. For some countries, data are incomplete or unavailable for certain years.",,IMF,RES,datahelp@imf.org,E10_GDP,"C53,F32,F21_IIP,F34,H00,E10,E10_GDP,F10,WEO",Real GDP,"Demographics, Real sector, Price indexes, Gross domestic product, National accounts, Labor markets, Unemployment, International trade, Export prices, Import prices, International reserves, Monetary aggregates, Consumer prices, Exchange rates, External position, Financial account, Balance of payments, Capital account, Current account, External debt, International investment position, Public sector and general government, Debt service, Fiscal account",EN,2026-04-14T13:00:00Z,2026-04-15T13:00:00Z,European System of Accounts (ESA) 2010,Chain-weighted and converted to market prices,PUBLIC_OPEN,,PUB,,IMF staff calculations.,,© International Monetary Fund Copyright. All Rights Reserved. https://www.imf.org/external/terms.htm,"International Monetary Fund. World Economic Outlook (WEO), https://data.imf.org/en/datasets/IMF.RES:WEO. Accessed on [current date].",true,"Gross domestic product (GDP), Constant prices, Percent change",2025,National Statistics Office,2020,January/December,"Yes, from 1995",,,,,,,,,Euro
IMF.RES:WEO_2026_APR_VINTAGE(1.0.0),ESP,NGDP_RPCH,A,2027,1.819438,0,,3,,,B1GQ,,,,,,,,,Q,,,,PT,,,OL,3/26/2026,,"The World Economic Outlook (WEO) database contains selected macroeconomic data series from the statistical appendix of the World Economic Outlook report, which presents the IMF staff's analysis and projections of economic developments at the global level, in major country groups and in many individual countries. The WEO is released in April and September/October each year. Use this database to find data on national accounts, gross domestic product (GDP), inflation, unemployment rates, balance of payments, fiscal indicators, trade for countries and country groups (aggregates), and commodity prices whose data are reported by the IMF. Data are available from 1980 to the present, and projections are given for the next two years. Additionally, medium-term projections are available for selected indicators. For some countries, data are incomplete or unavailable for certain years.",,IMF,RES,datahelp@imf.org,E10_GDP,"C53,F32,F21_IIP,F34,H00,E10,E10_GDP,F10,WEO",Real GDP,"Demographics, Real sector, Price indexes, Gross domestic product, National accounts, Labor markets, Unemployment, International trade, Export prices, Import prices, International reserves, Monetary aggregates, Consumer prices, Exchange rates, External position, Financial account, Balance of payments, Capital account, Current account, External debt, International investment position, Public sector and general government, Debt service, Fiscal account",EN,2026-04-14T13:00:00Z,2026-04-15T13:00:00Z,European System of Accounts (ESA) 2010,Chain-weighted and converted to market prices,PUBLIC_OPEN,,PUB,,IMF staff calculations.,,© International Monetary Fund Copyright. All Rights Reserved. https://www.imf.org/external/terms.htm,"International Monetary Fund. World Economic Outlook (WEO), https://data.imf.org/en/datasets/IMF.RES:WEO. Accessed on [current date].",true,"Gross domestic product (GDP), Constant prices, Percent change",2025,National Statistics Office,2020,January/December,"Yes, from 1995",,,,,,,,,Euro
IMF.RES:WEO_2026_APR_VINTAGE(1.0.0),ESP,NGDP_RPCH,A,2028,1.825168,0,,3,,,B1GQ,,,,,,,,,Q,,,,PT,,,OL,3/26/2026,,"The World Economic Outlook (WEO) database contains selected macroeconomic data series from the statistical appendix of the World Economic Outlook report, which presents the IMF staff's analysis and projections of economic developments at the global level, in major country groups and in many individual countries. The WEO is released in April and September/October each year. Use this database to find data on national accounts, gross domestic product (GDP), inflation, unemployment rates, balance of payments, fiscal indicators, trade for countries and country groups (aggregates), and commodity prices whose data are reported by the IMF. Data are available from 1980 to the present, and projections are given for the next two years. Additionally, medium-term projections are available for selected indicators. For some countries, data are incomplete or unavailable for certain years.",,IMF,RES,datahelp@imf.org,E10_GDP,"C53,F32,F21_IIP,F34,H00,E10,E10_GDP,F10,WEO",Real GDP,"Demographics, Real sector, Price indexes, Gross domestic product, National accounts, Labor markets, Unemployment, International trade, Export prices, Import prices, International reserves, Monetary aggregates, Consumer prices, Exchange rates, External position, Financial account, Balance of payments, Capital account, Current account, External debt, International investment position, Public sector and general government, Debt service, Fiscal account",EN,2026-04-14T13:00:00Z,2026-04-15T13:00:00Z,European System of Accounts (ESA) 2010,Chain-weighted and converted to market prices,PUBLIC_OPEN,,PUB,,IMF staff calculations.,,© International Monetary Fund Copyright. All Rights Reserved. https://www.imf.org/external/terms.htm,"International Monetary Fund. World Economic Outlook (WEO), https://data.imf.org/en/datasets/IMF.RES:WEO. Accessed on [current date].",true,"Gross domestic product (GDP), Constant prices, Percent change",2025,National Statistics Office,2020,January/December,"Yes, from 1995",,,,,,,,,Euro
IMF.RES:WEO_2026_APR_VINTAGE(1.0.0),ESP,NGDP_RPCH,A,2029,1.702282,0,,3,,,B1GQ,,,,,,,,,Q,,,,PT,,,OL,3/26/2026,,"The World Economic Outlook (WEO) database contains selected macroeconomic data series from the statistical appendix of the World Economic Outlook report, which presents the IMF staff's analysis and projections of economic developments at the global level, in major country groups and in many individual countries. The WEO is released in April and September/October each year. Use this database to find data on national accounts, gross domestic product (GDP), inflation, unemployment rates, balance of payments, fiscal indicators, trade for countries and country groups (aggregates), and commodity prices whose data are reported by the IMF. Data are available from 1980 to the present, and projections are given for the next two years. Additionally, medium-term projections are available for selected indicators. For some countries, data are incomplete or unavailable for certain years.",,IMF,RES,datahelp@imf.org,E10_GDP,"C53,F32,F21_IIP,F34,H00,E10,E10_GDP,F10,WEO",Real GDP,"Demographics, Real sector, Price indexes, Gross domestic product, National accounts, Labor markets, Unemployment, International trade, Export prices, Import prices, International reserves, Monetary aggregates, Consumer prices, Exchange rates, External position, Financial account, Balance of payments, Capital account, Current account, External debt, International investment position, Public sector and general government, Debt service, Fiscal account",EN,2026-04-14T13:00:00Z,2026-04-15T13:00:00Z,European System of Accounts (ESA) 2010,Chain-weighted and converted to market prices,PUBLIC_OPEN,,PUB,,IMF staff calculations.,,© International Monetary Fund Copyright. All Rights Reserved. https://www.imf.org/external/terms.htm,"International Monetary Fund. World Economic Outlook (WEO), https://data.imf.org/en/datasets/IMF.RES:WEO. Accessed on [current date].",true,"Gross domestic product (GDP), Constant prices, Percent change",2025,National Statistics Office,2020,January/December,"Yes, from 1995",,,,,,,,,Euro
IMF.RES:WEO_2026_APR_VINTAGE(1.0.0),ESP,NGDP_RPCH,A,2030,1.702382,0,,3,,,B1GQ,,,,,,,,,Q,,,,PT,,,OL,3/26/2026,,"The World Economic Outlook (WEO) database contains selected macroeconomic data series from the statistical appendix of the World Economic Outlook report, which presents the IMF staff's analysis and projections of economic developments at the global level, in major country groups and in many individual countries. The WEO is released in April and September/October each year. Use this database to find data on national accounts, gross domestic product (GDP), inflation, unemployment rates, balance of payments, fiscal indicators, trade for countries and country groups (aggregates), and commodity prices whose data are reported by the IMF. Data are available from 1980 to the present, and projections are given for the next two years. Additionally, medium-term projections are available for selected indicators. For some countries, data are incomplete or unavailable for certain years.",,IMF,RES,datahelp@imf.org,E10_GDP,"C53,F32,F21_IIP,F34,H00,E10,E10_GDP,F10,WEO",Real GDP,"Demographics, Real sector, Price indexes, Gross domestic product, National accounts, Labor markets, Unemployment, International trade, Export prices, Import prices, International reserves, Monetary aggregates, Consumer prices, Exchange rates, External position, Financial account, Balance of payments, Capital account, Current account, External debt, International investment position, Public sector and general government, Debt service, Fiscal account",EN,2026-04-14T13:00:00Z,2026-04-15T13:00:00Z,European System of Accounts (ESA) 2010,Chain-weighted and converted to market prices,PUBLIC_OPEN,,PUB,,IMF staff calculations.,,© International Monetary Fund Copyright. All Rights Reserved. https://www.imf.org/external/terms.htm,"International Monetary Fund. World Economic Outlook (WEO), https://data.imf.org/en/datasets/IMF.RES:WEO. Accessed on [current date].",true,"Gross domestic product (GDP), Constant prices, Percent change",2025,National Statistics Office,2020,January/December,"Yes, from 1995",,,,,,,,,Euro
IMF.RES:WEO_2026_APR_VINTAGE(1.0.0),ESP,NGDP_RPCH,A,2031,1.699652,0,,3,,,B1GQ,,,,,,,,,Q,,,,PT,,,OL,3/26/2026,,"The World Economic Outlook (WEO) database contains selected macroeconomic data series from the statistical appendix of the World Economic Outlook report, which presents the IMF staff's analysis and projections of economic developments at the global level, in major country groups and in many individual countries. The WEO is released in April and September/October each year. Use this database to find data on national accounts, gross domestic product (GDP), inflation, unemployment rates, balance of payments, fiscal indicators, trade for countries and country groups (aggregates), and commodity prices whose data are reported by the IMF. Data are available from 1980 to the present, and projections are given for the next two years. Additionally, medium-term projections are available for selected indicators. For some countries, data are incomplete or unavailable for certain years.",,IMF,RES,datahelp@imf.org,E10_GDP,"C53,F32,F21_IIP,F34,H00,E10,E10_GDP,F10,WEO",Real GDP,"Demographics, Real sector, Price indexes, Gross domestic product, National accounts, Labor markets, Unemployment, International trade, Export prices, Import prices, International reserves, Monetary aggregates, Consumer prices, Exchange rates, External position, Financial account, Balance of payments, Capital account, Current account, External debt, International investment position, Public sector and general government, Debt service, Fiscal account",EN,2026-04-14T13:00:00Z,2026-04-15T13:00:00Z,European System of Accounts (ESA) 2010,Chain-weighted and converted to market prices,PUBLIC_OPEN,,PUB,,IMF staff calculations.,,© International Monetary Fund Copyright. All Rights Reserved. https://www.imf.org/external/terms.htm,"International Monetary Fund. World Economic Outlook (WEO), https://data.imf.org/en/datasets/IMF.RES:WEO. Accessed on [current date].",true,"Gross domestic product (GDP), Constant prices, Percent change",2025,National Statistics Office,2020,January/December,"Yes, from 1995",,,,,,,,,Euro
IMF.RES:WEO_2026_APR_VINTAGE(1.0.0),ESP,PCPIPCH,A,2015,-0.631338,0,,3,,,,,,,,,,,CPI,,,,,PT,,,OL,3/26/2026,,"The World Economic Outlook (WEO) database contains selected macroeconomic data series from the statistical appendix of the World Economic Outlook report, which presents the IMF staff's analysis and projections of economic developments at the global level, in major country groups and in many individual countries. The WEO is released in April and September/October each year. Use this database to find data on national accounts, gross domestic product (GDP), inflation, unemployment rates, balance of payments, fiscal indicators, trade for countries and country groups (aggregates), and commodity prices whose data are reported by the IMF. Data are available from 1980 to the present, and projections are given for the next two years. Additionally, medium-term projections are available for selected indicators. For some countries, data are incomplete or unavailable for certain years.",,IMF,RES,datahelp@imf.org,E31_CP,"C53,F32,F21_IIP,F34,H00,E10,E10_GDP,F10,WEO",,"Demographics, Real sector, Price indexes, Gross domestic product, National accounts, Labor markets, Unemployment, International trade, Export prices, Import prices, International reserves, Monetary aggregates, Consumer prices, Exchange rates, External position, Financial account, Balance of payments, Capital account, Current account, External debt, International investment position, Public sector and general government, Debt service, Fiscal account",EN,2026-04-14T13:00:00Z,2026-04-15T13:00:00Z,,Historical data source: Statistical Office of the European Union (Eurostat).,PUBLIC_OPEN,,PUB,,IMF staff calculations.,,© International Monetary Fund Copyright. All Rights Reserved. https://www.imf.org/external/terms.htm,"International Monetary Fund. World Economic Outlook (WEO), https://data.imf.org/en/datasets/IMF.RES:WEO. Accessed on [current date].",,"All Items, Consumer price index (CPI), Period average, percent change",2025,Other,2025,,,,,Yes,,,,,,Euro
IMF.RES:WEO_2026_APR_VINTAGE(1.0.0),ESP,PCPIPCH,A,2016,-0.334561,0,,3,,,,,,,,,,,CPI,,,,,PT,,,OL,3/26/2026,,"The World Economic Outlook (WEO) database contains selected macroeconomic data series from the statistical appendix of the World Economic Outlook report, which presents the IMF staff's analysis and projections of economic developments at the global level, in major country groups and in many individual countries. The WEO is released in April and September/October each year. Use this database to find data on national accounts, gross domestic product (GDP), inflation, unemployment rates, balance of payments, fiscal indicators, trade for countries and country groups (aggregates), and commodity prices whose data are reported by the IMF. Data are available from 1980 to the present, and projections are given for the next two years. Additionally, medium-term projections are available for selected indicators. For some countries, data are incomplete or unavailable for certain years.",,IMF,RES,datahelp@imf.org,E31_CP,"C53,F32,F21_IIP,F34,H00,E10,E10_GDP,F10,WEO",,"Demographics, Real sector, Price indexes, Gross domestic product, National accounts, Labor markets, Unemployment, International trade, Export prices, Import prices, International reserves, Monetary aggregates, Consumer prices, Exchange rates, External position, Financial account, Balance of payments, Capital account, Current account, External debt, International investment position, Public sector and general government, Debt service, Fiscal account",EN,2026-04-14T13:00:00Z,2026-04-15T13:00:00Z,,Historical data source: Statistical Office of the European Union (Eurostat).,PUBLIC_OPEN,,PUB,,IMF staff calculations.,,© International Monetary Fund Copyright. All Rights Reserved. https://www.imf.org/external/terms.htm,"International Monetary Fund. World Economic Outlook (WEO), https://data.imf.org/en/datasets/IMF.RES:WEO. Accessed on [current date].",,"All Items, Consumer price index (CPI), Period average, percent change",2025,Other,2025,,,,,Yes,,,,,,Euro
IMF.RES:WEO_2026_APR_VINTAGE(1.0.0),ESP,PCPIPCH,A,2017,2.035284,0,,3,,,,,,,,,,,CPI,,,,,PT,,,OL,3/26/2026,,"The World Economic Outlook (WEO) database contains selected macroeconomic data series from the statistical appendix of the World Economic Outlook report, which presents the IMF staff's analysis and projections of economic developments at the global level, in major country groups and in many individual countries. The WEO is released in April and September/October each year. Use this database to find data on national accounts, gross domestic product (GDP), inflation, unemployment rates, balance of payments, fiscal indicators, trade for countries and country groups (aggregates), and commodity prices whose data are reported by the IMF. Data are available from 1980 to the present, and projections are given for the next two years. Additionally, medium-term projections are available for selected indicators. For some countries, data are incomplete or unavailable for certain years.",,IMF,RES,datahelp@imf.org,E31_CP,"C53,F32,F21_IIP,F34,H00,E10,E10_GDP,F10,WEO",,"Demographics, Real sector, Price indexes, Gross domestic product, National accounts, Labor markets, Unemployment, International trade, Export prices, Import prices, International reserves, Monetary aggregates, Consumer prices, Exchange rates, External position, Financial account, Balance of payments, Capital account, Current account, External debt, International investment position, Public sector and general government, Debt service, Fiscal account",EN,2026-04-14T13:00:00Z,2026-04-15T13:00:00Z,,Historical data source: Statistical Office of the European Union (Eurostat).,PUBLIC_OPEN,,PUB,,IMF staff calculations.,,© International Monetary Fund Copyright. All Rights Reserved. https://www.imf.org/external/terms.htm,"International Monetary Fund. World Economic Outlook (WEO), https://data.imf.org/en/datasets/IMF.RES:WEO. Accessed on [current date].",,"All Items, Consumer price index (CPI), Period average, percent change",2025,Other,2025,,,,,Yes,,,,,,Euro
IMF.RES:WEO_2026_APR_VINTAGE(1.0.0),ESP,PCPIPCH,A,2018,1.73627,0,,3,,,,,,,,,,,CPI,,,,,PT,,,OL,3/26/2026,,"The World Economic Outlook (WEO) database contains selected macroeconomic data series from the statistical appendix of the World Economic Outlook report, which presents the IMF staff's analysis and projections of economic developments at the global level, in major country groups and in many individual countries. The WEO is released in April and September/October each year. Use this database to find data on national accounts, gross domestic product (GDP), inflation, unemployment rates, balance of payments, fiscal indicators, trade for countries and country groups (aggregates), and commodity prices whose data are reported by the IMF. Data are available from 1980 to the present, and projections are given for the next two years. Additionally, medium-term projections are available for selected indicators. For some countries, data are incomplete or unavailable for certain years.",,IMF,RES,datahelp@imf.org,E31_CP,"C53,F32,F21_IIP,F34,H00,E10,E10_GDP,F10,WEO",,"Demographics, Real sector, Price indexes, Gross domestic product, National accounts, Labor markets, Unemployment, International trade, Export prices, Import prices, International reserves, Monetary aggregates, Consumer prices, Exchange rates, External position, Financial account, Balance of payments, Capital account, Current account, External debt, International investment position, Public sector and general government, Debt service, Fiscal account",EN,2026-04-14T13:00:00Z,2026-04-15T13:00:00Z,,Historical data source: Statistical Office of the European Union (Eurostat).,PUBLIC_OPEN,,PUB,,IMF staff calculations.,,© International Monetary Fund Copyright. All Rights Reserved. https://www.imf.org/external/terms.htm,"International Monetary Fund. World Economic Outlook (WEO), https://data.imf.org/en/datasets/IMF.RES:WEO. Accessed on [current date].",,"All Items, Consumer price index (CPI), Period average, percent change",2025,Other,2025,,,,,Yes,,,,,,Euro
IMF.RES:WEO_2026_APR_VINTAGE(1.0.0),ESP,PCPIPCH,A,2019,0.778341,0,,3,,,,,,,,,,,CPI,,,,,PT,,,OL,3/26/2026,,"The World Economic Outlook (WEO) database contains selected macroeconomic data series from the statistical appendix of the World Economic Outlook report, which presents the IMF staff's analysis and projections of economic developments at the global level, in major country groups and in many individual countries. The WEO is released in April and September/October each year. Use this database to find data on national accounts, gross domestic product (GDP), inflation, unemployment rates, balance of payments, fiscal indicators, trade for countries and country groups (aggregates), and commodity prices whose data are reported by the IMF. Data are available from 1980 to the present, and projections are given for the next two years. Additionally, medium-term projections are available for selected indicators. For some countries, data are incomplete or unavailable for certain years.",,IMF,RES,datahelp@imf.org,E31_CP,"C53,F32,F21_IIP,F34,H00,E10,E10_GDP,F10,WEO",,"Demographics, Real sector, Price indexes, Gross domestic product, National accounts, Labor markets, Unemployment, International trade, Export prices, Import prices, International reserves, Monetary aggregates, Consumer prices, Exchange rates, External position, Financial account, Balance of payments, Capital account, Current account, External debt, International investment position, Public sector and general government, Debt service, Fiscal account",EN,2026-04-14T13:00:00Z,2026-04-15T13:00:00Z,,Historical data source: Statistical Office of the European Union (Eurostat).,PUBLIC_OPEN,,PUB,,IMF staff calculations.,,© International Monetary Fund Copyright. All Rights Reserved. https://www.imf.org/external/terms.htm,"International Monetary Fund. World Economic Outlook (WEO), https://data.imf.org/en/datasets/IMF.RES:WEO. Accessed on [current date].",,"All Items, Consumer price index (CPI), Period average, percent change",2025,Other,2025,,,,,Yes,,,,,,Euro
IMF.RES:WEO_2026_APR_VINTAGE(1.0.0),ESP,PCPIPCH,A,2020,-0.339096,0,,3,,,,,,,,,,,CPI,,,,,PT,,,OL,3/26/2026,,"The World Economic Outlook (WEO) database contains selected macroeconomic data series from the statistical appendix of the World Economic Outlook report, which presents the IMF staff's analysis and projections of economic developments at the global level, in major country groups and in many individual countries. The WEO is released in April and September/October each year. Use this database to find data on national accounts, gross domestic product (GDP), inflation, unemployment rates, balance of payments, fiscal indicators, trade for countries and country groups (aggregates), and commodity prices whose data are reported by the IMF. Data are available from 1980 to the present, and projections are given for the next two years. Additionally, medium-term projections are available for selected indicators. For some countries, data are incomplete or unavailable for certain years.",,IMF,RES,datahelp@imf.org,E31_CP,"C53,F32,F21_IIP,F34,H00,E10,E10_GDP,F10,WEO",,"Demographics, Real sector, Price indexes, Gross domestic product, National accounts, Labor markets, Unemployment, International trade, Export prices, Import prices, International reserves, Monetary aggregates, Consumer prices, Exchange rates, External position, Financial account, Balance of payments, Capital account, Current account, External debt, International investment position, Public sector and general government, Debt service, Fiscal account",EN,2026-04-14T13:00:00Z,2026-04-15T13:00:00Z,,Historical data source: Statistical Office of the European Union (Eurostat).,PUBLIC_OPEN,,PUB,,IMF staff calculations.,,© International Monetary Fund Copyright. All Rights Reserved. https://www.imf.org/external/terms.htm,"International Monetary Fund. World Economic Outlook (WEO), https://data.imf.org/en/datasets/IMF.RES:WEO. Accessed on [current date].",,"All Items, Consumer price index (CPI), Period average, percent change",2025,Other,2025,,,,,Yes,,,,,,Euro
IMF.RES:WEO_2026_APR_VINTAGE(1.0.0),ESP,PCPIPCH,A,2021,3.009436,0,,3,,,,,,,,,,,CPI,,,,,PT,,,OL,3/26/2026,,"The World Economic Outlook (WEO) database contains selected macroeconomic data series from the statistical appendix of the World Economic Outlook report, which presents the IMF staff's analysis and projections of economic developments at the global level, in major country groups and in many individual countries. The WEO is released in April and September/October each year. Use this database to find data on national accounts, gross domestic product (GDP), inflation, unemployment rates, balance of payments, fiscal indicators, trade for countries and country groups (aggregates), and commodity prices whose data are reported by the IMF. Data are available from 1980 to the present, and projections are given for the next two years. Additionally, medium-term projections are available for selected indicators. For some countries, data are incomplete or unavailable for certain years.",,IMF,RES,datahelp@imf.org,E31_CP,"C53,F32,F21_IIP,F34,H00,E10,E10_GDP,F10,WEO",,"Demographics, Real sector, Price indexes, Gross domestic product, National accounts, Labor markets, Unemployment, International trade, Export prices, Import prices, International reserves, Monetary aggregates, Consumer prices, Exchange rates, External position, Financial account, Balance of payments, Capital account, Current account, External debt, International investment position, Public sector and general government, Debt service, Fiscal account",EN,2026-04-14T13:00:00Z,2026-04-15T13:00:00Z,,Historical data source: Statistical Office of the European Union (Eurostat).,PUBLIC_OPEN,,PUB,,IMF staff calculations.,,© International Monetary Fund Copyright. All Rights Reserved. https://www.imf.org/external/terms.htm,"International Monetary Fund. World Economic Outlook (WEO), https://data.imf.org/en/datasets/IMF.RES:WEO. Accessed on [current date].",,"All Items, Consumer price index (CPI), Period average, percent change",2025,Other,2025,,,,,Yes,,,,,,Euro
IMF.RES:WEO_2026_APR_VINTAGE(1.0.0),ESP,PCPIPCH,A,2022,8.32183,0,,3,,,,,,,,,,,CPI,,,,,PT,,,OL,3/26/2026,,"The World Economic Outlook (WEO) database contains selected macroeconomic data series from the statistical appendix of the World Economic Outlook report, which presents the IMF staff's analysis and projections of economic developments at the global level, in major country groups and in many individual countries. The WEO is released in April and September/October each year. Use this database to find data on national accounts, gross domestic product (GDP), inflation, unemployment rates, balance of payments, fiscal indicators, trade for countries and country groups (aggregates), and commodity prices whose data are reported by the IMF. Data are available from 1980 to the present, and projections are given for the next two years. Additionally, medium-term projections are available for selected indicators. For some countries, data are incomplete or unavailable for certain years.",,IMF,RES,datahelp@imf.org,E31_CP,"C53,F32,F21_IIP,F34,H00,E10,E10_GDP,F10,WEO",,"Demographics, Real sector, Price indexes, Gross domestic product, National accounts, Labor markets, Unemployment, International trade, Export prices, Import prices, International reserves, Monetary aggregates, Consumer prices, Exchange rates, External position, Financial account, Balance of payments, Capital account, Current account, External debt, International investment position, Public sector and general government, Debt service, Fiscal account",EN,2026-04-14T13:00:00Z,2026-04-15T13:00:00Z,,Historical data source: Statistical Office of the European Union (Eurostat).,PUBLIC_OPEN,,PUB,,IMF staff calculations.,,© International Monetary Fund Copyright. All Rights Reserved. https://www.imf.org/external/terms.htm,"International Monetary Fund. World Economic Outlook (WEO), https://data.imf.org/en/datasets/IMF.RES:WEO. Accessed on [current date].",,"All Items, Consumer price index (CPI), Period average, percent change",2025,Other,2025,,,,,Yes,,,,,,Euro
IMF.RES:WEO_2026_APR_VINTAGE(1.0.0),ESP,PCPIPCH,A,2023,3.401602,0,,3,,,,,,,,,,,CPI,,,,,PT,,,OL,3/26/2026,,"The World Economic Outlook (WEO) database contains selected macroeconomic data series from the statistical appendix of the World Economic Outlook report, which presents the IMF staff's analysis and projections of economic developments at the global level, in major country groups and in many individual countries. The WEO is released in April and September/October each year. Use this database to find data on national accounts, gross domestic product (GDP), inflation, unemployment rates, balance of payments, fiscal indicators, trade for countries and country groups (aggregates), and commodity prices whose data are reported by the IMF. Data are available from 1980 to the present, and projections are given for the next two years. Additionally, medium-term projections are available for selected indicators. For some countries, data are incomplete or unavailable for certain years.",,IMF,RES,datahelp@imf.org,E31_CP,"C53,F32,F21_IIP,F34,H00,E10,E10_GDP,F10,WEO",,"Demographics, Real sector, Price indexes, Gross domestic product, National accounts, Labor markets, Unemployment, International trade, Export prices, Import prices, International reserves, Monetary aggregates, Consumer prices, Exchange rates, External position, Financial account, Balance of payments, Capital account, Current account, External debt, International investment position, Public sector and general government, Debt service, Fiscal account",EN,2026-04-14T13:00:00Z,2026-04-15T13:00:00Z,,Historical data source: Statistical Office of the European Union (Eurostat).,PUBLIC_OPEN,,PUB,,IMF staff calculations.,,© International Monetary Fund Copyright. All Rights Reserved. https://www.imf.org/external/terms.htm,"International Monetary Fund. World Economic Outlook (WEO), https://data.imf.org/en/datasets/IMF.RES:WEO. Accessed on [current date].",,"All Items, Consumer price index (CPI), Period average, percent change",2025,Other,2025,,,,,Yes,,,,,,Euro
IMF.RES:WEO_2026_APR_VINTAGE(1.0.0),ESP,PCPIPCH,A,2024,2.868033,0,,3,,,,,,,,,,,CPI,,,,,PT,,,OL,3/26/2026,,"The World Economic Outlook (WEO) database contains selected macroeconomic data series from the statistical appendix of the World Economic Outlook report, which presents the IMF staff's analysis and projections of economic developments at the global level, in major country groups and in many individual countries. The WEO is released in April and September/October each year. Use this database to find data on national accounts, gross domestic product (GDP), inflation, unemployment rates, balance of payments, fiscal indicators, trade for countries and country groups (aggregates), and commodity prices whose data are reported by the IMF. Data are available from 1980 to the present, and projections are given for the next two years. Additionally, medium-term projections are available for selected indicators. For some countries, data are incomplete or unavailable for certain years.",,IMF,RES,datahelp@imf.org,E31_CP,"C53,F32,F21_IIP,F34,H00,E10,E10_GDP,F10,WEO",,"Demographics, Real sector, Price indexes, Gross domestic product, National accounts, Labor markets, Unemployment, International trade, Export prices, Import prices, International reserves, Monetary aggregates, Consumer prices, Exchange rates, External position, Financial account, Balance of payments, Capital account, Current account, External debt, International investment position, Public sector and general government, Debt service, Fiscal account",EN,2026-04-14T13:00:00Z,2026-04-15T13:00:00Z,,Historical data source: Statistical Office of the European Union (Eurostat).,PUBLIC_OPEN,,PUB,,IMF staff calculations.,,© International Monetary Fund Copyright. All Rights Reserved. https://www.imf.org/external/terms.htm,"International Monetary Fund. World Economic Outlook (WEO), https://data.imf.org/en/datasets/IMF.RES:WEO. Accessed on [current date].",,"All Items, Consumer price index (CPI), Period average, percent change",2025,Other,2025,,,,,Yes,,,,,,Euro
IMF.RES:WEO_2026_APR_VINTAGE(1.0.0),ESP,PCPIPCH,A,2025,2.69137,0,,3,,,,,,,,,,,CPI,,,,,PT,,,OL,3/26/2026,,"The World Economic Outlook (WEO) database contains selected macroeconomic data series from the statistical appendix of the World Economic Outlook report, which presents the IMF staff's analysis and projections of economic developments at the global level, in major country groups and in many individual countries. The WEO is released in April and September/October each year. Use this database to find data on national accounts, gross domestic product (GDP), inflation, unemployment rates, balance of payments, fiscal indicators, trade for countries and country groups (aggregates), and commodity prices whose data are reported by the IMF. Data are available from 1980 to the present, and projections are given for the next two years. Additionally, medium-term projections are available for selected indicators. For some countries, data are incomplete or unavailable for certain years.",,IMF,RES,datahelp@imf.org,E31_CP,"C53,F32,F21_IIP,F34,H00,E10,E10_GDP,F10,WEO",,"Demographics, Real sector, Price indexes, Gross domestic product, National accounts, Labor markets, Unemployment, International trade, Export prices, Import prices, International reserves, Monetary aggregates, Consumer prices, Exchange rates, External position, Financial account, Balance of payments, Capital account, Current account, External debt, International investment position, Public sector and general government, Debt service, Fiscal account",EN,2026-04-14T13:00:00Z,2026-04-15T13:00:00Z,,Historical data source: Statistical Office of the European Union (Eurostat).,PUBLIC_OPEN,,PUB,,IMF staff calculations.,,© International Monetary Fund Copyright. All Rights Reserved. https://www.imf.org/external/terms.htm,"International Monetary Fund. World Economic Outlook (WEO), https://data.imf.org/en/datasets/IMF.RES:WEO. Accessed on [current date].",,"All Items, Consumer price index (CPI), Period average, percent change",2025,Other,2025,,,,,Yes,,,,,,Euro
IMF.RES:WEO_2026_APR_VINTAGE(1.0.0),ESP,PCPIPCH,A,2026,3.042728,0,,3,,,,,,,,,,,CPI,,,,,PT,,,OL,3/26/2026,,"The World Economic Outlook (WEO) database contains selected macroeconomic data series from the statistical appendix of the World Economic Outlook report, which presents the IMF staff's analysis and projections of economic developments at the global level, in major country groups and in many individual countries. The WEO is released in April and September/October each year. Use this database to find data on national accounts, gross domestic product (GDP), inflation, unemployment rates, balance of payments, fiscal indicators, trade for countries and country groups (aggregates), and commodity prices whose data are reported by the IMF. Data are available from 1980 to the present, and projections are given for the next two years. Additionally, medium-term projections are available for selected indicators. For some countries, data are incomplete or unavailable for certain years.",,IMF,RES,datahelp@imf.org,E31_CP,"C53,F32,F21_IIP,F34,H00,E10,E10_GDP,F10,WEO",,"Demographics, Real sector, Price indexes, Gross domestic product, National accounts, Labor markets, Unemployment, International trade, Export prices, Import prices, International reserves, Monetary aggregates, Consumer prices, Exchange rates, External position, Financial account, Balance of payments, Capital account, Current account, External debt, International investment position, Public sector and general government, Debt service, Fiscal account",EN,2026-04-14T13:00:00Z,2026-04-15T13:00:00Z,,Historical data source: Statistical Office of the European Union (Eurostat).,PUBLIC_OPEN,,PUB,,IMF staff calculations.,,© International Monetary Fund Copyright. All Rights Reserved. https://www.imf.org/external/terms.htm,"International Monetary Fund. World Economic Outlook (WEO), https://data.imf.org/en/datasets/IMF.RES:WEO. Accessed on [current date].",,"All Items, Consumer price index (CPI), Period average, percent change",2025,Other,2025,,,,,Yes,,,,,,Euro
IMF.RES:WEO_2026_APR_VINTAGE(1.0.0),ESP,PCPIPCH,A,2027,2.259072,0,,3,,,,,,,,,,,CPI,,,,,PT,,,OL,3/26/2026,,"The World Economic Outlook (WEO) database contains selected macroeconomic data series from the statistical appendix of the World Economic Outlook report, which presents the IMF staff's analysis and projections of economic developments at the global level, in major country groups and in many individual countries. The WEO is released in April and September/October each year. Use this database to find data on national accounts, gross domestic product (GDP), inflation, unemployment rates, balance of payments, fiscal indicators, trade for countries and country groups (aggregates), and commodity prices whose data are reported by the IMF. Data are available from 1980 to the present, and projections are given for the next two years. Additionally, medium-term projections are available for selected indicators. For some countries, data are incomplete or unavailable for certain years.",,IMF,RES,datahelp@imf.org,E31_CP,"C53,F32,F21_IIP,F34,H00,E10,E10_GDP,F10,WEO",,"Demographics, Real sector, Price indexes, Gross domestic product, National accounts, Labor markets, Unemployment, International trade, Export prices, Import prices, International reserves, Monetary aggregates, Consumer prices, Exchange rates, External position, Financial account, Balance of payments, Capital account, Current account, External debt, International investment position, Public sector and general government, Debt service, Fiscal account",EN,2026-04-14T13:00:00Z,2026-04-15T13:00:00Z,,Historical data source: Statistical Office of the European Union (Eurostat).,PUBLIC_OPEN,,PUB,,IMF staff calculations.,,© International Monetary Fund Copyright. All Rights Reserved. https://www.imf.org/external/terms.htm,"International Monetary Fund. World Economic Outlook (WEO), https://data.imf.org/en/datasets/IMF.RES:WEO. Accessed on [current date].",,"All Items, Consumer price index (CPI), Period average, percent change",2025,Other,2025,,,,,Yes,,,,,,Euro
IMF.RES:WEO_2026_APR_VINTAGE(1.0.0),ESP,PCPIPCH,A,2028,2.5,0,,3,,,,,,,,,,,CPI,,,,,PT,,,OL,3/26/2026,,"The World Economic Outlook (WEO) database contains selected macroeconomic data series from the statistical appendix of the World Economic Outlook report, which presents the IMF staff's analysis and projections of economic developments at the global level, in major country groups and in many individual countries. The WEO is released in April and September/October each year. Use this database to find data on national accounts, gross domestic product (GDP), inflation, unemployment rates, balance of payments, fiscal indicators, trade for countries and country groups (aggregates), and commodity prices whose data are reported by the IMF. Data are available from 1980 to the present, and projections are given for the next two years. Additionally, medium-term projections are available for selected indicators. For some countries, data are incomplete or unavailable for certain years.",,IMF,RES,datahelp@imf.org,E31_CP,"C53,F32,F21_IIP,F34,H00,E10,E10_GDP,F10,WEO",,"Demographics, Real sector, Price indexes, Gross domestic product, National accounts, Labor markets, Unemployment, International trade, Export prices, Import prices, International reserves, Monetary aggregates, Consumer prices, Exchange rates, External position, Financial account, Balance of payments, Capital account, Current account, External debt, International investment position, Public sector and general government, Debt service, Fiscal account",EN,2026-04-14T13:00:00Z,2026-04-15T13:00:00Z,,Historical data source: Statistical Office of the European Union (Eurostat).,PUBLIC_OPEN,,PUB,,IMF staff calculations.,,© International Monetary Fund Copyright. All Rights Reserved. https://www.imf.org/external/terms.htm,"International Monetary Fund. World Economic Outlook (WEO), https://data.imf.org/en/datasets/IMF.RES:WEO. Accessed on [current date].",,"All Items, Consumer price index (CPI), Period average, percent change",2025,Other,2025,,,,,Yes,,,,,,Euro
IMF.RES:WEO_2026_APR_VINTAGE(1.0.0),ESP,PCPIPCH,A,2029,2,0,,3,,,,,,,,,,,CPI,,,,,PT,,,OL,3/26/2026,,"The World Economic Outlook (WEO) database contains selected macroeconomic data series from the statistical appendix of the World Economic Outlook report, which presents the IMF staff's analysis and projections of economic developments at the global level, in major country groups and in many individual countries. The WEO is released in April and September/October each year. Use this database to find data on national accounts, gross domestic product (GDP), inflation, unemployment rates, balance of payments, fiscal indicators, trade for countries and country groups (aggregates), and commodity prices whose data are reported by the IMF. Data are available from 1980 to the present, and projections are given for the next two years. Additionally, medium-term projections are available for selected indicators. For some countries, data are incomplete or unavailable for certain years.",,IMF,RES,datahelp@imf.org,E31_CP,"C53,F32,F21_IIP,F34,H00,E10,E10_GDP,F10,WEO",,"Demographics, Real sector, Price indexes, Gross domestic product, National accounts, Labor markets, Unemployment, International trade, Export prices, Import prices, International reserves, Monetary aggregates, Consumer prices, Exchange rates, External position, Financial account, Balance of payments, Capital account, Current account, External debt, International investment position, Public sector and general government, Debt service, Fiscal account",EN,2026-04-14T13:00:00Z,2026-04-15T13:00:00Z,,Historical data source: Statistical Office of the European Union (Eurostat).,PUBLIC_OPEN,,PUB,,IMF staff calculations.,,© International Monetary Fund Copyright. All Rights Reserved. https://www.imf.org/external/terms.htm,"International Monetary Fund. World Economic Outlook (WEO), https://data.imf.org/en/datasets/IMF.RES:WEO. Accessed on [current date].",,"All Items, Consumer price index (CPI), Period average, percent change",2025,Other,2025,,,,,Yes,,,,,,Euro
IMF.RES:WEO_2026_APR_VINTAGE(1.0.0),ESP,PCPIPCH,A,2030,2,0,,3,,,,,,,,,,,CPI,,,,,PT,,,OL,3/26/2026,,"The World Economic Outlook (WEO) database contains selected macroeconomic data series from the statistical appendix of the World Economic Outlook report, which presents the IMF staff's analysis and projections of economic developments at the global level, in major country groups and in many individual countries. The WEO is released in April and September/October each year. Use this database to find data on national accounts, gross domestic product (GDP), inflation, unemployment rates, balance of payments, fiscal indicators, trade for countries and country groups (aggregates), and commodity prices whose data are reported by the IMF. Data are available from 1980 to the present, and projections are given for the next two years. Additionally, medium-term projections are available for selected indicators. For some countries, data are incomplete or unavailable for certain years.",,IMF,RES,datahelp@imf.org,E31_CP,"C53,F32,F21_IIP,F34,H00,E10,E10_GDP,F10,WEO",,"Demographics, Real sector, Price indexes, Gross domestic product, National accounts, Labor markets, Unemployment, International trade, Export prices, Import prices, International reserves, Monetary aggregates, Consumer prices, Exchange rates, External position, Financial account, Balance of payments, Capital account, Current account, External debt, International investment position, Public sector and general government, Debt service, Fiscal account",EN,2026-04-14T13:00:00Z,2026-04-15T13:00:00Z,,Historical data source: Statistical Office of the European Union (Eurostat).,PUBLIC_OPEN,,PUB,,IMF staff calculations.,,© International Monetary Fund Copyright. All Rights Reserved. https://www.imf.org/external/terms.htm,"International Monetary Fund. World Economic Outlook (WEO), https://data.imf.org/en/datasets/IMF.RES:WEO. Accessed on [current date].",,"All Items, Consumer price index (CPI), Period average, percent change",2025,Other,2025,,,,,Yes,,,,,,Euro
IMF.RES:WEO_2026_APR_VINTAGE(1.0.0),ESP,PCPIPCH,A,2031,2,0,,3,,,,,,,,,,,CPI,,,,,PT,,,OL,3/26/2026,,"The World Economic Outlook (WEO) database contains selected macroeconomic data series from the statistical appendix of the World Economic Outlook report, which presents the IMF staff's analysis and projections of economic developments at the global level, in major country groups and in many individual countries. The WEO is released in April and September/October each year. Use this database to find data on national accounts, gross domestic product (GDP), inflation, unemployment rates, balance of payments, fiscal indicators, trade for countries and country groups (aggregates), and commodity prices whose data are reported by the IMF. Data are available from 1980 to the present, and projections are given for the next two years. Additionally, medium-term projections are available for selected indicators. For some countries, data are incomplete or unavailable for certain years.",,IMF,RES,datahelp@imf.org,E31_CP,"C53,F32,F21_IIP,F34,H00,E10,E10_GDP,F10,WEO",,"Demographics, Real sector, Price indexes, Gross domestic product, National accounts, Labor markets, Unemployment, International trade, Export prices, Import prices, International reserves, Monetary aggregates, Consumer prices, Exchange rates, External position, Financial account, Balance of payments, Capital account, Current account, External debt, International investment position, Public sector and general government, Debt service, Fiscal account",EN,2026-04-14T13:00:00Z,2026-04-15T13:00:00Z,,Historical data source: Statistical Office of the European Union (Eurostat).,PUBLIC_OPEN,,PUB,,IMF staff calculations.,,© International Monetary Fund Copyright. All Rights Reserved. https://www.imf.org/external/terms.htm,"International Monetary Fund. World Economic Outlook (WEO), https://data.imf.org/en/datasets/IMF.RES:WEO. Accessed on [current date].",,"All Items, Consumer price index (CPI), Period average, percent change",2025,Other,2025,,,,,Yes,,,,,,Euro
